Date,Env,GDD
2019-09-01T00:00:00Z,BOKU,17.778125
2019-09-01T00:00:00Z,NMBU,10.9
2019-09-02T00:00:00Z,BOKU,29.98854167
2019-09-02T00:00:00Z,NMBU,18.200000000000003
2019-09-03T00:00:00Z,BOKU,42.034375
2019-09-03T00:00:00Z,NMBU,25.900000000000002
2019-09-04T00:00:00Z,BOKU,54.13229167
2019-09-04T00:00:00Z,NMBU,30.900000000000002
2019-09-05T00:00:00Z,BOKU,67.90729167
2019-09-05T00:00:00Z,NMBU,37.7
2019-09-06T00:00:00Z,BOKU,79.58958334
2019-09-06T00:00:00Z,NMBU,41.900000000000006
2019-09-07T00:00:00Z,BOKU,88.61666667
2019-09-07T00:00:00Z,NMBU,47.50000000000001
2019-09-08T00:00:00Z,BOKU,98.921875
2019-09-08T00:00:00Z,NMBU,52.50000000000001
2019-09-09T00:00:00Z,BOKU,107.69166667
2019-09-09T00:00:00Z,NMBU,58.400000000000006
2019-09-10T00:00:00Z,BOKU,118.00312500000001
2019-09-10T00:00:00Z,NMBU,67.30000000000001
2019-09-11T00:00:00Z,BOKU,128.55
2019-09-11T00:00:00Z,NMBU,75.4
2019-09-12T00:00:00Z,BOKU,141.28333333
2019-09-12T00:00:00Z,NMBU,83.30000000000001
2019-09-13T00:00:00Z,BOKU,155.46770833
2019-09-13T00:00:00Z,NMBU,91.10000000000001
2019-09-14T00:00:00Z,BOKU,167.83020833
2019-09-14T00:00:00Z,NMBU,95.60000000000001
2019-09-15T00:00:00Z,BOKU,178.67708333000002
2019-09-15T00:00:00Z,NMBU,104.30000000000001
2019-09-16T00:00:00Z,BOKU,192.76354166000002
2019-09-16T00:00:00Z,NMBU,110.50000000000001
2019-09-17T00:00:00Z,BOKU,203.83020833
2019-09-17T00:00:00Z,NMBU,114.90000000000002
2019-09-18T00:00:00Z,BOKU,212.58125
2019-09-18T00:00:00Z,NMBU,118.60000000000002
2019-09-19T00:00:00Z,BOKU,219.16250000000002
2019-09-19T00:00:00Z,NMBU,121.40000000000002
2019-09-20T00:00:00Z,BOKU,224.161458333
2019-09-20T00:00:00Z,NMBU,128.40000000000003
2019-09-21T00:00:00Z,BOKU,231.38229166300002
2019-09-21T00:00:00Z,NMBU,135.70000000000005
2019-09-22T00:00:00Z,BOKU,242.18749999300002
2019-09-22T00:00:00Z,NMBU,143.50000000000006
2019-09-23T00:00:00Z,BOKU,252.248958323
2019-09-23T00:00:00Z,NMBU,148.50000000000006
2019-09-24T00:00:00Z,BOKU,263.06562499300003
2019-09-24T00:00:00Z,NMBU,153.50000000000006
2019-09-25T00:00:00Z,BOKU,273.23020832300006
2019-09-25T00:00:00Z,NMBU,158.50000000000006
2019-09-26T00:00:00Z,BOKU,283.34895832300003
2019-09-26T00:00:00Z,NMBU,163.90000000000006
2019-09-27T00:00:00Z,BOKU,295.32291665300005
2019-09-27T00:00:00Z,NMBU,168.90000000000006
2019-09-28T00:00:00Z,BOKU,305.5958333230001
2019-09-28T00:00:00Z,NMBU,174.60000000000005
2019-09-29T00:00:00Z,BOKU,317.1291666530001
2019-09-29T00:00:00Z,NMBU,179.90000000000006
2019-09-30T00:00:00Z,BOKU,331.15416665300006
2019-09-30T00:00:00Z,NMBU,181.20000000000007
2019-10-01T00:00:00Z,BOKU,342.60312498300004
2019-10-01T00:00:00Z,NMBU,183.70000000000007
2019-10-02T00:00:00Z,BOKU,350.52499998300004
2019-10-02T00:00:00Z,NMBU,186.10000000000008
2019-10-03T00:00:00Z,BOKU,355.660416653
2019-10-03T00:00:00Z,NMBU,186.10000000000008
2019-10-04T00:00:00Z,BOKU,361.893749983
2019-10-04T00:00:00Z,NMBU,186.10000000000008
2019-10-05T00:00:00Z,BOKU,367.908333313
2019-10-05T00:00:00Z,NMBU,186.10000000000008
2019-10-06T00:00:00Z,BOKU,372.86249998
2019-10-06T00:00:00Z,NMBU,186.10000000000008
2019-10-07T00:00:00Z,BOKU,375.345833313
2019-10-07T00:00:00Z,NMBU,186.10000000000008
2019-10-08T00:00:00Z,BOKU,379.30312498
2019-10-08T00:00:00Z,NMBU,186.10000000000008
2019-10-09T00:00:00Z,BOKU,386.62604165
2019-10-09T00:00:00Z,NMBU,186.10000000000008
2019-10-10T00:00:00Z,BOKU,393.59374998
2019-10-10T00:00:00Z,NMBU,187.60000000000008
2019-10-11T00:00:00Z,BOKU,402.09687498
2019-10-11T00:00:00Z,NMBU,189.00000000000009
2019-10-12T00:00:00Z,BOKU,406.508333313
2019-10-12T00:00:00Z,NMBU,191.9000000000001
2019-10-13T00:00:00Z,BOKU,412.82812498299995
2019-10-13T00:00:00Z,NMBU,194.00000000000009
2019-10-14T00:00:00Z,BOKU,420.57291665299994
2019-10-14T00:00:00Z,NMBU,196.10000000000008
2019-10-15T00:00:00Z,BOKU,430.7885416529999
2019-10-15T00:00:00Z,NMBU,197.4000000000001
2019-10-16T00:00:00Z,BOKU,438.3510416529999
2019-10-16T00:00:00Z,NMBU,198.10000000000008
2019-10-17T00:00:00Z,BOKU,440.4781249859999
2019-10-17T00:00:00Z,NMBU,199.80000000000007
2019-10-18T00:00:00Z,BOKU,445.9979166559999
2019-10-18T00:00:00Z,NMBU,202.30000000000007
2019-10-19T00:00:00Z,BOKU,451.4999999859999
2019-10-19T00:00:00Z,NMBU,203.70000000000007
2019-10-20T00:00:00Z,BOKU,457.6010416559999
2019-10-20T00:00:00Z,NMBU,203.70000000000007
2019-10-21T00:00:00Z,BOKU,463.6645833259999
2019-10-21T00:00:00Z,NMBU,203.70000000000007
2019-10-22T00:00:00Z,BOKU,470.9177083259999
2019-10-22T00:00:00Z,NMBU,206.00000000000009
2019-10-23T00:00:00Z,BOKU,478.2708333259999
2019-10-23T00:00:00Z,NMBU,210.4000000000001
2019-10-24T00:00:00Z,BOKU,485.32499999599986
2019-10-24T00:00:00Z,NMBU,214.7000000000001
2019-10-25T00:00:00Z,BOKU,494.4093749959999
2019-10-25T00:00:00Z,NMBU,218.9000000000001
2019-10-26T00:00:00Z,BOKU,498.9447916629999
2019-10-26T00:00:00Z,NMBU,218.9000000000001
2019-10-27T00:00:00Z,BOKU,506.54687499299985
2019-10-27T00:00:00Z,NMBU,218.9000000000001
2019-10-27T00:00:00Z,Secobra,7.4
2019-10-28T00:00:00Z,BOKU,510.26041665999986
2019-10-28T00:00:00Z,NMBU,218.9000000000001
2019-10-28T00:00:00Z,Secobra,10.4
2019-10-29T00:00:00Z,BOKU,512.4708333269998
2019-10-29T00:00:00Z,NMBU,218.9000000000001
2019-10-29T00:00:00Z,Secobra,12
2019-10-30T00:00:00Z,BOKU,512.4708333269998
2019-10-30T00:00:00Z,NMBU,218.9000000000001
2019-10-30T00:00:00Z,Secobra,12.4
2019-10-31T00:00:00Z,BOKU,512.4708333269998
2019-10-31T00:00:00Z,NMBU,218.9000000000001
2019-10-31T00:00:00Z,Secobra,12.4
2019-11-01T00:00:00Z,BOKU,514.5124999939998
2019-11-01T00:00:00Z,NMBU,218.9000000000001
2019-11-01T00:00:00Z,Secobra,12.4
2019-11-02T00:00:00Z,BOKU,517.6104166609998
2019-11-02T00:00:00Z,NMBU,218.9000000000001
2019-11-02T00:00:00Z,Secobra,18.5
2019-11-03T00:00:00Z,BOKU,525.4583333309998
2019-11-03T00:00:00Z,NMBU,218.9000000000001
2019-11-03T00:00:00Z,Secobra,22.4
2019-11-04T00:00:00Z,BOKU,532.0916666609999
2019-11-04T00:00:00Z,NMBU,218.9000000000001
2019-11-04T00:00:00Z,Secobra,27.099999999999998
2019-11-05T00:00:00Z,BOKU,534.3572916609999
2019-11-05T00:00:00Z,NMBU,218.9000000000001
2019-11-05T00:00:00Z,Secobra,29.099999999999998
2019-11-06T00:00:00Z,BOKU,538.3999999939998
2019-11-06T00:00:00Z,NMBU,218.9000000000001
2019-11-06T00:00:00Z,Secobra,29.299999999999997
2019-11-07T00:00:00Z,BOKU,541.6968749939998
2019-11-07T00:00:00Z,NMBU,218.9000000000001
2019-11-07T00:00:00Z,Secobra,29.699999999999996
2019-11-08T00:00:00Z,BOKU,545.4510416609999
2019-11-08T00:00:00Z,NMBU,218.9000000000001
2019-11-08T00:00:00Z,Secobra,29.699999999999996
2019-11-09T00:00:00Z,BOKU,546.9781249939998
2019-11-09T00:00:00Z,NMBU,218.9000000000001
2019-11-09T00:00:00Z,Secobra,29.699999999999996
2019-11-10T00:00:00Z,BOKU,546.9781249939998
2019-11-10T00:00:00Z,NMBU,218.9000000000001
2019-11-10T00:00:00Z,Secobra,29.699999999999996
2019-11-11T00:00:00Z,BOKU,546.9781249939998
2019-11-11T00:00:00Z,NMBU,218.9000000000001
2019-11-11T00:00:00Z,Secobra,29.699999999999996
2019-11-12T00:00:00Z,BOKU,547.1395833269999
2019-11-12T00:00:00Z,NMBU,218.9000000000001
2019-11-12T00:00:00Z,Secobra,29.699999999999996
2019-11-13T00:00:00Z,BOKU,547.1395833269999
2019-11-13T00:00:00Z,NMBU,218.9000000000001
2019-11-13T00:00:00Z,Secobra,29.699999999999996
2019-11-14T00:00:00Z,BOKU,547.2104166599999
2019-11-14T00:00:00Z,NMBU,218.9000000000001
2019-11-14T00:00:00Z,Secobra,29.699999999999996
2019-11-15T00:00:00Z,BOKU,550.8916666599998
2019-11-15T00:00:00Z,NMBU,218.9000000000001
2019-11-15T00:00:00Z,Secobra,29.699999999999996
2019-11-16T00:00:00Z,BOKU,557.5541666599999
2019-11-16T00:00:00Z,NMBU,218.9000000000001
2019-11-16T00:00:00Z,Secobra,29.699999999999996
2019-11-17T00:00:00Z,BOKU,564.2770833299999
2019-11-17T00:00:00Z,NMBU,218.9000000000001
2019-11-17T00:00:00Z,Secobra,29.699999999999996
2019-11-18T00:00:00Z,BOKU,567.0541666629998
2019-11-18T00:00:00Z,NMBU,218.9000000000001
2019-11-18T00:00:00Z,Secobra,29.699999999999996
2019-11-19T00:00:00Z,BOKU,569.7124999959998
2019-11-19T00:00:00Z,NMBU,218.9000000000001
2019-11-19T00:00:00Z,Secobra,29.699999999999996
2019-11-20T00:00:00Z,BOKU,569.7124999959998
2019-11-20T00:00:00Z,NMBU,218.9000000000001
2019-11-20T00:00:00Z,Secobra,29.699999999999996
2019-11-21T00:00:00Z,BOKU,571.5020833289998
2019-11-21T00:00:00Z,NMBU,218.9000000000001
2019-11-21T00:00:00Z,Secobra,29.699999999999996
2019-11-22T00:00:00Z,BOKU,575.3708333289998
2019-11-22T00:00:00Z,NMBU,219.2000000000001
2019-11-22T00:00:00Z,Secobra,29.699999999999996
2019-11-23T00:00:00Z,BOKU,577.5874999959998
2019-11-23T00:00:00Z,NMBU,219.2000000000001
2019-11-23T00:00:00Z,Secobra,30.599999999999994
2019-11-24T00:00:00Z,BOKU,579.2531249959998
2019-11-24T00:00:00Z,NMBU,219.2000000000001
2019-11-24T00:00:00Z,Secobra,31.699999999999996
2019-11-25T00:00:00Z,BOKU,579.7427083289998
2019-11-25T00:00:00Z,NMBU,219.2000000000001
2019-11-25T00:00:00Z,Secobra,31.699999999999996
2019-11-26T00:00:00Z,BOKU,580.1322916619998
2019-11-26T00:00:00Z,NMBU,219.2000000000001
2019-11-26T00:00:00Z,Secobra,31.699999999999996
2019-11-27T00:00:00Z,BOKU,581.2614583289999
2019-11-27T00:00:00Z,NMBU,219.2000000000001
2019-11-27T00:00:00Z,Secobra,31.699999999999996
2019-11-28T00:00:00Z,BOKU,583.6437499959999
2019-11-28T00:00:00Z,NMBU,219.2000000000001
2019-11-28T00:00:00Z,Secobra,34.89999999999999
2019-11-29T00:00:00Z,BOKU,587.7072916629999
2019-11-29T00:00:00Z,NMBU,219.2000000000001
2019-11-29T00:00:00Z,Secobra,35.599999999999994
2019-11-30T00:00:00Z,BOKU,587.7072916629999
2019-11-30T00:00:00Z,NMBU,219.2000000000001
2019-11-30T00:00:00Z,Secobra,35.599999999999994
2019-12-01T00:00:00Z,BOKU,587.7072916629999
2019-12-01T00:00:00Z,NMBU,219.2000000000001
2019-12-01T00:00:00Z,Secobra,35.599999999999994
2019-12-02T00:00:00Z,BOKU,587.7072916629999
2019-12-02T00:00:00Z,NMBU,219.2000000000001
2019-12-02T00:00:00Z,Secobra,35.599999999999994
2019-12-03T00:00:00Z,BOKU,587.7072916629999
2019-12-03T00:00:00Z,NMBU,219.2000000000001
2019-12-03T00:00:00Z,Secobra,35.599999999999994
2019-12-04T00:00:00Z,BOKU,587.7072916629999
2019-12-04T00:00:00Z,NMBU,219.2000000000001
2019-12-04T00:00:00Z,Secobra,35.599999999999994
2019-12-05T00:00:00Z,BOKU,587.7072916629999
2019-12-05T00:00:00Z,NMBU,219.2000000000001
2019-12-05T00:00:00Z,Secobra,35.599999999999994
2019-12-06T00:00:00Z,BOKU,587.7072916629999
2019-12-06T00:00:00Z,NMBU,219.2000000000001
2019-12-06T00:00:00Z,Secobra,35.599999999999994
2019-12-07T00:00:00Z,BOKU,587.7072916629999
2019-12-07T00:00:00Z,NMBU,219.2000000000001
2019-12-07T00:00:00Z,Secobra,36.599999999999994
2019-12-08T00:00:00Z,BOKU,588.8770833299999
2019-12-08T00:00:00Z,NMBU,219.2000000000001
2019-12-08T00:00:00Z,Secobra,38.099999999999994
2019-12-09T00:00:00Z,BOKU,588.8770833299999
2019-12-09T00:00:00Z,NMBU,219.2000000000001
2019-12-09T00:00:00Z,Secobra,39.3
2019-12-10T00:00:00Z,BOKU,588.8770833299999
2019-12-10T00:00:00Z,NMBU,219.2000000000001
2019-12-10T00:00:00Z,Secobra,39.3
2019-12-11T00:00:00Z,BOKU,588.8770833299999
2019-12-11T00:00:00Z,NMBU,219.2000000000001
2019-12-11T00:00:00Z,Secobra,39.3
2019-12-12T00:00:00Z,BOKU,588.8770833299999
2019-12-12T00:00:00Z,NMBU,219.2000000000001
2019-12-12T00:00:00Z,Secobra,39.3
2019-12-13T00:00:00Z,BOKU,588.8770833299999
2019-12-13T00:00:00Z,NMBU,219.2000000000001
2019-12-13T00:00:00Z,Secobra,39.3
2019-12-14T00:00:00Z,BOKU,589.0916666629998
2019-12-14T00:00:00Z,NMBU,219.2000000000001
2019-12-14T00:00:00Z,Secobra,39.699999999999996
2019-12-15T00:00:00Z,BOKU,589.0916666629998
2019-12-15T00:00:00Z,NMBU,219.2000000000001
2019-12-15T00:00:00Z,Secobra,42.8
2019-12-16T00:00:00Z,BOKU,589.0916666629998
2019-12-16T00:00:00Z,NMBU,219.2000000000001
2019-12-16T00:00:00Z,Secobra,42.8
2019-12-17T00:00:00Z,BOKU,589.0916666629998
2019-12-17T00:00:00Z,NMBU,219.2000000000001
2019-12-17T00:00:00Z,Secobra,42.8
2019-12-18T00:00:00Z,BOKU,589.0916666629998
2019-12-18T00:00:00Z,NMBU,219.2000000000001
2019-12-18T00:00:00Z,Secobra,44.5
2019-12-19T00:00:00Z,BOKU,590.4624999959998
2019-12-19T00:00:00Z,NMBU,219.2000000000001
2019-12-19T00:00:00Z,Secobra,44.5
2019-12-20T00:00:00Z,BOKU,595.7489583259998
2019-12-20T00:00:00Z,NMBU,219.2000000000001
2019-12-20T00:00:00Z,Secobra,45.7
2019-12-21T00:00:00Z,BOKU,598.4583333259998
2019-12-21T00:00:00Z,NMBU,219.2000000000001
2019-12-21T00:00:00Z,Secobra,45.7
2019-12-22T00:00:00Z,BOKU,598.4583333259998
2019-12-22T00:00:00Z,NMBU,219.2000000000001
2019-12-22T00:00:00Z,Secobra,45.7
2019-12-23T00:00:00Z,BOKU,600.9124999929998
2019-12-23T00:00:00Z,NMBU,219.2000000000001
2019-12-23T00:00:00Z,Secobra,45.800000000000004
2019-12-24T00:00:00Z,BOKU,602.4843749929997
2019-12-24T00:00:00Z,NMBU,219.2000000000001
2019-12-24T00:00:00Z,Secobra,45.800000000000004
2019-12-25T00:00:00Z,BOKU,604.3656249929998
2019-12-25T00:00:00Z,NMBU,219.2000000000001
2019-12-25T00:00:00Z,Secobra,45.800000000000004
2019-12-26T00:00:00Z,BOKU,604.5708333259997
2019-12-26T00:00:00Z,NMBU,219.2000000000001
2019-12-26T00:00:00Z,Secobra,45.800000000000004
2019-12-27T00:00:00Z,BOKU,604.5708333259997
2019-12-27T00:00:00Z,NMBU,219.2000000000001
2019-12-27T00:00:00Z,Secobra,45.800000000000004
2019-12-28T00:00:00Z,BOKU,604.5708333259997
2019-12-28T00:00:00Z,NMBU,219.2000000000001
2019-12-28T00:00:00Z,Secobra,45.800000000000004
2019-12-29T00:00:00Z,BOKU,604.5708333259997
2019-12-29T00:00:00Z,NMBU,219.3000000000001
2019-12-29T00:00:00Z,Secobra,45.800000000000004
2019-12-30T00:00:00Z,BOKU,604.5708333259997
2019-12-30T00:00:00Z,NMBU,220.1000000000001
2019-12-30T00:00:00Z,Secobra,45.800000000000004
2019-12-31T00:00:00Z,BOKU,604.5708333259997
2019-12-31T00:00:00Z,NMBU,220.1000000000001
2019-12-31T00:00:00Z,Secobra,45.800000000000004
2020-01-01T00:00:00Z,BOKU,604.5708333259997
2020-01-01T00:00:00Z,NMBU,220.1000000000001
2020-01-01T00:00:00Z,Secobra,45.800000000000004
2020-01-02T00:00:00Z,BOKU,604.5708333259997
2020-01-02T00:00:00Z,NMBU,220.1000000000001
2020-01-02T00:00:00Z,Secobra,45.800000000000004
2020-01-03T00:00:00Z,BOKU,604.5708333259997
2020-01-03T00:00:00Z,NMBU,220.1000000000001
2020-01-03T00:00:00Z,Secobra,45.800000000000004
2020-01-04T00:00:00Z,BOKU,604.7041666589997
2020-01-04T00:00:00Z,NMBU,220.1000000000001
2020-01-04T00:00:00Z,Secobra,45.800000000000004
2020-01-05T00:00:00Z,BOKU,604.7041666589997
2020-01-05T00:00:00Z,NMBU,220.1000000000001
2020-01-05T00:00:00Z,Secobra,45.800000000000004
2020-01-06T00:00:00Z,BOKU,604.7041666589997
2020-01-06T00:00:00Z,NMBU,220.1000000000001
2020-01-06T00:00:00Z,Secobra,45.800000000000004
2020-01-07T00:00:00Z,BOKU,604.7041666589997
2020-01-07T00:00:00Z,NMBU,220.1000000000001
2020-01-07T00:00:00Z,Secobra,45.800000000000004
2020-01-08T00:00:00Z,BOKU,604.7041666589997
2020-01-08T00:00:00Z,NMBU,220.90000000000012
2020-01-08T00:00:00Z,Secobra,45.800000000000004
2020-01-09T00:00:00Z,BOKU,604.7041666589997
2020-01-09T00:00:00Z,NMBU,220.90000000000012
2020-01-09T00:00:00Z,Secobra,45.800000000000004
2020-01-10T00:00:00Z,BOKU,604.7041666589997
2020-01-10T00:00:00Z,NMBU,220.90000000000012
2020-01-10T00:00:00Z,Secobra,46.400000000000006
2020-01-11T00:00:00Z,BOKU,604.7041666589997
2020-01-11T00:00:00Z,NMBU,220.90000000000012
2020-01-11T00:00:00Z,Secobra,46.400000000000006
2020-01-12T00:00:00Z,BOKU,604.7041666589997
2020-01-12T00:00:00Z,NMBU,220.90000000000012
2020-01-12T00:00:00Z,Secobra,46.400000000000006
2020-01-13T00:00:00Z,BOKU,604.7041666589997
2020-01-13T00:00:00Z,NMBU,220.90000000000012
2020-01-13T00:00:00Z,Secobra,46.400000000000006
2020-01-14T00:00:00Z,BOKU,604.7041666589997
2020-01-14T00:00:00Z,NMBU,220.90000000000012
2020-01-14T00:00:00Z,Secobra,46.400000000000006
2020-01-15T00:00:00Z,BOKU,604.7041666589997
2020-01-15T00:00:00Z,NMBU,220.90000000000012
2020-01-15T00:00:00Z,Secobra,46.400000000000006
2020-01-16T00:00:00Z,BOKU,604.7041666589997
2020-01-16T00:00:00Z,NMBU,221.20000000000013
2020-01-16T00:00:00Z,Secobra,46.400000000000006
2020-01-17T00:00:00Z,BOKU,604.7041666589997
2020-01-17T00:00:00Z,NMBU,221.40000000000012
2020-01-17T00:00:00Z,Secobra,46.400000000000006
2020-01-18T00:00:00Z,BOKU,604.7041666589997
2020-01-18T00:00:00Z,NMBU,221.40000000000012
2020-01-18T00:00:00Z,Secobra,46.400000000000006
2020-01-19T00:00:00Z,BOKU,604.7041666589997
2020-01-19T00:00:00Z,NMBU,221.40000000000012
2020-01-19T00:00:00Z,Secobra,46.400000000000006
2020-01-20T00:00:00Z,BOKU,604.7041666589997
2020-01-20T00:00:00Z,NMBU,221.40000000000012
2020-01-20T00:00:00Z,Secobra,46.400000000000006
2020-01-21T00:00:00Z,BOKU,604.7041666589997
2020-01-21T00:00:00Z,NMBU,221.80000000000013
2020-01-21T00:00:00Z,Secobra,46.400000000000006
2020-01-22T00:00:00Z,BOKU,604.7041666589997
2020-01-22T00:00:00Z,NMBU,221.80000000000013
2020-01-22T00:00:00Z,Secobra,46.400000000000006
2020-01-23T00:00:00Z,BOKU,604.7041666589997
2020-01-23T00:00:00Z,NMBU,221.80000000000013
2020-01-23T00:00:00Z,Secobra,46.400000000000006
2020-01-24T00:00:00Z,BOKU,604.7041666589997
2020-01-24T00:00:00Z,NMBU,221.80000000000013
2020-01-24T00:00:00Z,Secobra,46.400000000000006
2020-01-25T00:00:00Z,BOKU,604.7041666589997
2020-01-25T00:00:00Z,NMBU,221.80000000000013
2020-01-25T00:00:00Z,Secobra,46.400000000000006
2020-01-26T00:00:00Z,BOKU,604.7041666589997
2020-01-26T00:00:00Z,NMBU,221.80000000000013
2020-01-26T00:00:00Z,Secobra,46.400000000000006
2020-01-27T00:00:00Z,BOKU,604.7041666589997
2020-01-27T00:00:00Z,NMBU,221.80000000000013
2020-01-27T00:00:00Z,Secobra,46.400000000000006
2020-01-28T00:00:00Z,BOKU,604.7041666589997
2020-01-28T00:00:00Z,NMBU,221.80000000000013
2020-01-28T00:00:00Z,Secobra,46.400000000000006
2020-01-29T00:00:00Z,BOKU,604.7041666589997
2020-01-29T00:00:00Z,NMBU,221.80000000000013
2020-01-29T00:00:00Z,Secobra,46.400000000000006
2020-01-30T00:00:00Z,BOKU,604.7041666589997
2020-01-30T00:00:00Z,NMBU,221.80000000000013
2020-01-30T00:00:00Z,Secobra,46.400000000000006
2020-01-31T00:00:00Z,BOKU,609.5197916589997
2020-01-31T00:00:00Z,NMBU,221.80000000000013
2020-01-31T00:00:00Z,Secobra,52.00000000000001
2020-02-01T00:00:00Z,BOKU,617.1239583289997
2020-02-01T00:00:00Z,NMBU,222.10000000000014
2020-02-01T00:00:00Z,Secobra,56.2
2020-02-02T00:00:00Z,BOKU,622.7249999989997
2020-02-02T00:00:00Z,NMBU,222.10000000000014
2020-02-02T00:00:00Z,Secobra,60.7
2020-02-03T00:00:00Z,BOKU,625.7812499989997
2020-02-03T00:00:00Z,NMBU,222.10000000000014
2020-02-03T00:00:00Z,Secobra,62.1
2020-02-04T00:00:00Z,BOKU,627.0999999989997
2020-02-04T00:00:00Z,NMBU,222.10000000000014
2020-02-04T00:00:00Z,Secobra,62.1
2020-02-05T00:00:00Z,BOKU,627.0999999989997
2020-02-05T00:00:00Z,NMBU,222.10000000000014
2020-02-05T00:00:00Z,Secobra,62.1
2020-02-06T00:00:00Z,BOKU,627.0999999989997
2020-02-06T00:00:00Z,NMBU,222.10000000000014
2020-02-06T00:00:00Z,Secobra,62.1
2020-02-07T00:00:00Z,BOKU,627.0999999989997
2020-02-07T00:00:00Z,NMBU,222.10000000000014
2020-02-07T00:00:00Z,Secobra,62.1
2020-02-08T00:00:00Z,BOKU,627.0999999989997
2020-02-08T00:00:00Z,NMBU,222.10000000000014
2020-02-08T00:00:00Z,Secobra,62.1
2020-02-09T00:00:00Z,BOKU,627.0999999989997
2020-02-09T00:00:00Z,NMBU,222.10000000000014
2020-02-09T00:00:00Z,Secobra,62.1
2020-02-10T00:00:00Z,BOKU,627.0999999989997
2020-02-10T00:00:00Z,NMBU,222.10000000000014
2020-02-10T00:00:00Z,Secobra,66.3
2020-02-11T00:00:00Z,BOKU,627.6062499989997
2020-02-11T00:00:00Z,NMBU,222.10000000000014
2020-02-11T00:00:00Z,Secobra,66.3
2020-02-12T00:00:00Z,BOKU,627.6062499989997
2020-02-12T00:00:00Z,NMBU,222.10000000000014
2020-02-12T00:00:00Z,Secobra,66.3
2020-02-13T00:00:00Z,BOKU,627.8760416659998
2020-02-13T00:00:00Z,NMBU,222.10000000000014
2020-02-13T00:00:00Z,Secobra,66.3
2020-02-14T00:00:00Z,BOKU,629.0760416659998
2020-02-14T00:00:00Z,NMBU,222.10000000000014
2020-02-14T00:00:00Z,Secobra,66.7
2020-02-15T00:00:00Z,BOKU,631.1479166659998
2020-02-15T00:00:00Z,NMBU,222.10000000000014
2020-02-15T00:00:00Z,Secobra,66.7
2020-02-16T00:00:00Z,BOKU,631.8781249989997
2020-02-16T00:00:00Z,NMBU,222.70000000000013
2020-02-16T00:00:00Z,Secobra,68.10000000000001
2020-02-17T00:00:00Z,BOKU,634.2041666659998
2020-02-17T00:00:00Z,NMBU,222.90000000000012
2020-02-17T00:00:00Z,Secobra,72.30000000000001
2020-02-18T00:00:00Z,BOKU,637.2249999989998
2020-02-18T00:00:00Z,NMBU,222.90000000000012
2020-02-18T00:00:00Z,Secobra,72.70000000000002
2020-02-19T00:00:00Z,BOKU,637.4177083319998
2020-02-19T00:00:00Z,NMBU,222.90000000000012
2020-02-19T00:00:00Z,Secobra,72.70000000000002
2020-02-20T00:00:00Z,BOKU,638.0583333319998
2020-02-20T00:00:00Z,NMBU,222.90000000000012
2020-02-20T00:00:00Z,Secobra,72.70000000000002
2020-02-21T00:00:00Z,BOKU,638.0583333319998
2020-02-21T00:00:00Z,NMBU,222.90000000000012
2020-02-21T00:00:00Z,Secobra,72.70000000000002
2020-02-22T00:00:00Z,BOKU,640.5906249989998
2020-02-22T00:00:00Z,NMBU,223.1000000000001
2020-02-22T00:00:00Z,Secobra,75.30000000000001
2020-02-23T00:00:00Z,BOKU,647.7968749989998
2020-02-23T00:00:00Z,NMBU,223.1000000000001
2020-02-23T00:00:00Z,Secobra,80.20000000000002
2020-02-24T00:00:00Z,BOKU,650.7031249989998
2020-02-24T00:00:00Z,NMBU,223.1000000000001
2020-02-24T00:00:00Z,Secobra,80.30000000000001
2020-02-25T00:00:00Z,BOKU,653.9041666659998
2020-02-25T00:00:00Z,NMBU,223.1000000000001
2020-02-25T00:00:00Z,Secobra,83.4
2020-02-26T00:00:00Z,BOKU,655.3510416659998
2020-02-26T00:00:00Z,NMBU,223.1000000000001
2020-02-26T00:00:00Z,Secobra,83.4
2020-02-27T00:00:00Z,BOKU,655.4385416659998
2020-02-27T00:00:00Z,NMBU,223.1000000000001
2020-02-27T00:00:00Z,Secobra,83.4
2020-02-28T00:00:00Z,BOKU,655.4385416659998
2020-02-28T00:00:00Z,NMBU,223.1000000000001
2020-02-28T00:00:00Z,Secobra,83.4
2020-02-29T00:00:00Z,BOKU,655.4385416659998
2020-02-29T00:00:00Z,NMBU,223.1000000000001
2020-02-29T00:00:00Z,Secobra,84.5
2020-03-01T00:00:00Z,BOKU,657.8010416659997
2020-03-01T00:00:00Z,NMBU,223.1000000000001
2020-03-01T00:00:00Z,Secobra,86.5
2020-03-02T00:00:00Z,BOKU,662.0833333329997
2020-03-02T00:00:00Z,NMBU,223.1000000000001
2020-03-02T00:00:00Z,Secobra,87.1
2020-03-03T00:00:00Z,BOKU,664.7218749999997
2020-03-03T00:00:00Z,NMBU,223.1000000000001
2020-03-03T00:00:00Z,Secobra,87.1
2020-03-04T00:00:00Z,BOKU,665.2562499999997
2020-03-04T00:00:00Z,NMBU,223.1000000000001
2020-03-04T00:00:00Z,Secobra,87.1
2020-03-05T00:00:00Z,BOKU,665.9135416669997
2020-03-05T00:00:00Z,NMBU,223.1000000000001
2020-03-05T00:00:00Z,Secobra,87.1
2020-03-06T00:00:00Z,BOKU,668.3114583339997
2020-03-06T00:00:00Z,NMBU,223.1000000000001
2020-03-06T00:00:00Z,Secobra,87.8
2020-03-07T00:00:00Z,BOKU,669.9020833339997
2020-03-07T00:00:00Z,NMBU,223.1000000000001
2020-03-07T00:00:00Z,Secobra,87.8
2020-03-08T00:00:00Z,BOKU,670.4281250009997
2020-03-08T00:00:00Z,NMBU,223.1000000000001
2020-03-08T00:00:00Z,Secobra,87.8
2020-03-09T00:00:00Z,BOKU,670.4281250009997
2020-03-09T00:00:00Z,NMBU,223.1000000000001
2020-03-09T00:00:00Z,Secobra,87.8
2020-03-10T00:00:00Z,BOKU,673.6656250009996
2020-03-10T00:00:00Z,NMBU,223.1000000000001
2020-03-10T00:00:00Z,Secobra,87.8
2020-03-11T00:00:00Z,BOKU,681.5145833309996
2020-03-11T00:00:00Z,NMBU,223.1000000000001
2020-03-11T00:00:00Z,Secobra,94.2
2020-03-12T00:00:00Z,BOKU,691.5739583309996
2020-03-12T00:00:00Z,NMBU,223.1000000000001
2020-03-12T00:00:00Z,Secobra,100.8
2020-03-13T00:00:00Z,BOKU,695.8489583309996
2020-03-13T00:00:00Z,NMBU,223.1000000000001
2020-03-13T00:00:00Z,Secobra,102.2
2020-03-14T00:00:00Z,BOKU,697.0072916639996
2020-03-14T00:00:00Z,NMBU,223.1000000000001
2020-03-14T00:00:00Z,Secobra,102.2
2020-03-15T00:00:00Z,BOKU,697.0072916639996
2020-03-15T00:00:00Z,NMBU,223.1000000000001
2020-03-15T00:00:00Z,Secobra,102.2
2020-03-16T00:00:00Z,BOKU,700.7645833309996
2020-03-16T00:00:00Z,NMBU,223.1000000000001
2020-03-16T00:00:00Z,Secobra,104.3
2020-03-17T00:00:00Z,BOKU,701.8906249979996
2020-03-17T00:00:00Z,NMBU,224.2000000000001
2020-03-17T00:00:00Z,Secobra,107.39999999999999
2020-03-18T00:00:00Z,BOKU,708.5270833279995
2020-03-18T00:00:00Z,NMBU,224.9000000000001
2020-03-18T00:00:00Z,Secobra,111.69999999999999
2020-03-19T00:00:00Z,BOKU,713.9041666579996
2020-03-19T00:00:00Z,NMBU,224.9000000000001
2020-03-19T00:00:00Z,Secobra,116.29999999999998
2020-03-20T00:00:00Z,BOKU,720.1270833279996
2020-03-20T00:00:00Z,NMBU,224.9000000000001
2020-03-20T00:00:00Z,Secobra,121.69999999999999
2020-03-21T00:00:00Z,BOKU,720.9760416609996
2020-03-21T00:00:00Z,NMBU,224.9000000000001
2020-03-21T00:00:00Z,Secobra,121.69999999999999
2020-03-22T00:00:00Z,BOKU,720.9760416609996
2020-03-22T00:00:00Z,NMBU,224.9000000000001
2020-03-22T00:00:00Z,Secobra,121.69999999999999
2020-03-23T00:00:00Z,BOKU,720.9760416609996
2020-03-23T00:00:00Z,NMBU,224.9000000000001
2020-03-23T00:00:00Z,Secobra,121.69999999999999
2020-03-24T00:00:00Z,BOKU,720.9760416609996
2020-03-24T00:00:00Z,NMBU,224.9000000000001
2020-03-24T00:00:00Z,Secobra,121.69999999999999
2020-03-25T00:00:00Z,BOKU,720.9760416609996
2020-03-25T00:00:00Z,NMBU,224.9000000000001
2020-03-25T00:00:00Z,Secobra,121.69999999999999
2020-03-26T00:00:00Z,BOKU,720.9760416609996
2020-03-26T00:00:00Z,NMBU,224.9000000000001
2020-03-26T00:00:00Z,Secobra,121.69999999999999
2020-03-27T00:00:00Z,BOKU,724.0020833279996
2020-03-27T00:00:00Z,NMBU,224.9000000000001
2020-03-27T00:00:00Z,Secobra,125.69999999999999
2020-03-28T00:00:00Z,BOKU,729.0291666579996
2020-03-28T00:00:00Z,NMBU,224.9000000000001
2020-03-28T00:00:00Z,Secobra,129.39999999999998
2020-03-29T00:00:00Z,BOKU,733.2302536149996
2020-03-29T00:00:00Z,NMBU,224.9000000000001
2020-03-29T00:00:00Z,Secobra,130.29999999999998
2020-03-30T00:00:00Z,BOKU,733.2302536149996
2020-03-30T00:00:00Z,NMBU,224.9000000000001
2020-03-30T00:00:00Z,Secobra,130.29999999999998
2020-03-31T00:00:00Z,BOKU,733.2302536149996
2020-03-31T00:00:00Z,NMBU,224.9000000000001
2020-03-31T00:00:00Z,Secobra,130.29999999999998
2020-04-01T00:00:00Z,BOKU,733.2302536149996
2020-04-01T00:00:00Z,NMBU,224.9000000000001
2020-04-01T00:00:00Z,Secobra,130.29999999999998
2020-04-02T00:00:00Z,BOKU,733.2302536149996
2020-04-02T00:00:00Z,NMBU,224.9000000000001
2020-04-02T00:00:00Z,Secobra,130.29999999999998
2020-04-03T00:00:00Z,BOKU,735.9802536149996
2020-04-03T00:00:00Z,NMBU,224.9000000000001
2020-04-03T00:00:00Z,Secobra,130.99999999999997
2020-04-04T00:00:00Z,BOKU,739.9073369479996
2020-04-04T00:00:00Z,NMBU,224.9000000000001
2020-04-04T00:00:00Z,Secobra,133.89999999999998
2020-04-05T00:00:00Z,BOKU,743.2542119479996
2020-04-05T00:00:00Z,NMBU,224.9000000000001
2020-04-05T00:00:00Z,Secobra,138.7
2020-04-06T00:00:00Z,BOKU,751.6677536179996
2020-04-06T00:00:00Z,NMBU,227.10000000000008
2020-04-06T00:00:00Z,Secobra,144.5
2020-04-07T00:00:00Z,BOKU,761.5354619479996
2020-04-07T00:00:00Z,NMBU,230.70000000000007
2020-04-07T00:00:00Z,Secobra,151.7
2020-04-08T00:00:00Z,BOKU,769.0406702779995
2020-04-08T00:00:00Z,NMBU,232.20000000000007
2020-04-08T00:00:00Z,Secobra,160
2020-04-09T00:00:00Z,BOKU,777.6948369479995
2020-04-09T00:00:00Z,NMBU,233.50000000000009
2020-04-09T00:00:00Z,Secobra,167.7
2020-04-10T00:00:00Z,BOKU,787.0042119479996
2020-04-10T00:00:00Z,NMBU,233.70000000000007
2020-04-10T00:00:00Z,Secobra,175.2
2020-04-11T00:00:00Z,BOKU,795.4281702779996
2020-04-11T00:00:00Z,NMBU,233.70000000000007
2020-04-11T00:00:00Z,Secobra,182.5
2020-04-12T00:00:00Z,BOKU,804.1875452779996
2020-04-12T00:00:00Z,NMBU,235.50000000000009
2020-04-12T00:00:00Z,Secobra,190.6
2020-04-13T00:00:00Z,BOKU,813.4073369479995
2020-04-13T00:00:00Z,NMBU,235.50000000000009
2020-04-13T00:00:00Z,Secobra,197.79999999999998
2020-04-14T00:00:00Z,BOKU,815.1677536149995
2020-04-14T00:00:00Z,NMBU,235.50000000000009
2020-04-14T00:00:00Z,Secobra,197.79999999999998
2020-04-15T00:00:00Z,BOKU,818.8042119479994
2020-04-15T00:00:00Z,NMBU,241.50000000000009
2020-04-15T00:00:00Z,Secobra,199.1
2020-04-16T00:00:00Z,BOKU,826.6646286179994
2020-04-16T00:00:00Z,NMBU,244.4000000000001
2020-04-16T00:00:00Z,Secobra,205.6
2020-04-17T00:00:00Z,BOKU,838.8573369479993
2020-04-17T00:00:00Z,NMBU,244.4000000000001
2020-04-17T00:00:00Z,Secobra,215.4
2020-04-18T00:00:00Z,BOKU,849.0406702779993
2020-04-18T00:00:00Z,NMBU,244.8000000000001
2020-04-18T00:00:00Z,Secobra,225.70000000000002
2020-04-19T00:00:00Z,BOKU,855.2917119479993
2020-04-19T00:00:00Z,NMBU,248.3000000000001
2020-04-19T00:00:00Z,Secobra,235.00000000000003
2020-04-20T00:00:00Z,BOKU,859.9396286149993
2020-04-20T00:00:00Z,NMBU,254.1000000000001
2020-04-20T00:00:00Z,Secobra,241.40000000000003
2020-04-21T00:00:00Z,BOKU,865.7760869449993
2020-04-21T00:00:00Z,NMBU,261.0000000000001
2020-04-21T00:00:00Z,Secobra,248.90000000000003
2020-04-22T00:00:00Z,BOKU,871.7823369449993
2020-04-22T00:00:00Z,NMBU,268.3000000000001
2020-04-22T00:00:00Z,Secobra,257.20000000000005
2020-04-23T00:00:00Z,BOKU,878.5115036149994
2020-04-23T00:00:00Z,NMBU,274.5000000000001
2020-04-23T00:00:00Z,Secobra,264.50000000000006
2020-04-24T00:00:00Z,BOKU,887.4354619449994
2020-04-24T00:00:00Z,NMBU,278.4000000000001
2020-04-24T00:00:00Z,Secobra,272.6000000000001
2020-04-25T00:00:00Z,BOKU,897.3198369449993
2020-04-25T00:00:00Z,NMBU,282.0000000000001
2020-04-25T00:00:00Z,Secobra,280.4000000000001
2020-04-26T00:00:00Z,BOKU,903.3604619449993
2020-04-26T00:00:00Z,NMBU,284.8000000000001
2020-04-26T00:00:00Z,Secobra,287.1000000000001
2020-04-27T00:00:00Z,BOKU,912.5406702749993
2020-04-27T00:00:00Z,NMBU,285.10000000000014
2020-04-27T00:00:00Z,Secobra,294.9000000000001
2020-04-28T00:00:00Z,BOKU,924.0490036049994
2020-04-28T00:00:00Z,NMBU,285.10000000000014
2020-04-28T00:00:00Z,Secobra,302.80000000000007
2020-04-29T00:00:00Z,BOKU,933.1698369349994
2020-04-29T00:00:00Z,NMBU,285.10000000000014
2020-04-29T00:00:00Z,Secobra,308.20000000000005
2020-04-30T00:00:00Z,BOKU,945.1667119349994
2020-04-30T00:00:00Z,NMBU,285.10000000000014
2020-04-30T00:00:00Z,Secobra,313.20000000000005
2020-05-01T00:00:00Z,BOKU,954.9521286049994
2020-05-01T00:00:00Z,NMBU,285.8000000000001
2020-05-01T00:00:00Z,Secobra,318.50000000000006
2020-05-02T00:00:00Z,BOKU,963.2510869349994
2020-05-02T00:00:00Z,NMBU,289.0000000000001
2020-05-02T00:00:00Z,Secobra,322.20000000000005
2020-05-03T00:00:00Z,BOKU,969.8833786049994
2020-05-03T00:00:00Z,NMBU,292.5000000000001
2020-05-03T00:00:00Z,Secobra,326.00000000000006
2020-05-04T00:00:00Z,BOKU,978.2469202749994
2020-05-04T00:00:00Z,NMBU,294.3000000000001
2020-05-04T00:00:00Z,Secobra,332.40000000000003
2020-05-05T00:00:00Z,BOKU,985.2698369449994
2020-05-05T00:00:00Z,NMBU,297.2000000000001
2020-05-05T00:00:00Z,Secobra,337.1
2020-05-06T00:00:00Z,BOKU,990.7094202749994
2020-05-06T00:00:00Z,NMBU,301.8000000000001
2020-05-06T00:00:00Z,Secobra,339.90000000000003
2020-05-07T00:00:00Z,BOKU,1000.7083786049994
2020-05-07T00:00:00Z,NMBU,306.0000000000001
2020-05-07T00:00:00Z,Secobra,345.6
2020-05-08T00:00:00Z,BOKU,1011.0875452749995
2020-05-08T00:00:00Z,NMBU,311.10000000000014
2020-05-08T00:00:00Z,Secobra,355.6
2020-05-09T00:00:00Z,BOKU,1024.2875452749995
2020-05-09T00:00:00Z,NMBU,315.70000000000016
2020-05-09T00:00:00Z,Secobra,368.6
2020-05-10T00:00:00Z,BOKU,1037.1990036049995
2020-05-10T00:00:00Z,NMBU,315.70000000000016
2020-05-10T00:00:00Z,Secobra,379.40000000000003
2020-05-11T00:00:00Z,BOKU,1047.9385869349994
2020-05-11T00:00:00Z,NMBU,315.70000000000016
2020-05-11T00:00:00Z,Secobra,385.50000000000006
2020-05-12T00:00:00Z,BOKU,1052.1260869349994
2020-05-12T00:00:00Z,NMBU,315.70000000000016
2020-05-12T00:00:00Z,Secobra,386.40000000000003
2020-05-13T00:00:00Z,BOKU,1058.4552536049994
2020-05-13T00:00:00Z,NMBU,315.8000000000002
2020-05-13T00:00:00Z,Secobra,388.1
2020-05-14T00:00:00Z,BOKU,1065.0833786049993
2020-05-14T00:00:00Z,NMBU,316.20000000000016
2020-05-14T00:00:00Z,Secobra,391.90000000000003
2020-05-15T00:00:00Z,BOKU,1069.1865036049994
2020-05-15T00:00:00Z,NMBU,317.70000000000016
2020-05-15T00:00:00Z,Secobra,395.50000000000006
2020-05-16T00:00:00Z,BOKU,1076.7042119349994
2020-05-16T00:00:00Z,NMBU,318.70000000000016
2020-05-16T00:00:00Z,Secobra,400.6000000000001
2020-05-17T00:00:00Z,BOKU,1087.3271286049994
2020-05-17T00:00:00Z,NMBU,322.60000000000014
2020-05-17T00:00:00Z,Secobra,408.4000000000001
2020-05-18T00:00:00Z,BOKU,1099.3833786049995
2020-05-18T00:00:00Z,NMBU,326.40000000000015
2020-05-18T00:00:00Z,Secobra,418.0000000000001
2020-05-19T00:00:00Z,BOKU,1113.2646286049994
2020-05-19T00:00:00Z,NMBU,331.10000000000014
2020-05-19T00:00:00Z,Secobra,430.4000000000001
2020-05-20T00:00:00Z,BOKU,1126.8052536049995
2020-05-20T00:00:00Z,NMBU,336.5000000000001
2020-05-20T00:00:00Z,Secobra,440.80000000000007
2020-05-21T00:00:00Z,BOKU,1137.5833786049996
2020-05-21T00:00:00Z,NMBU,342.4000000000001
2020-05-21T00:00:00Z,Secobra,451.80000000000007
2020-05-22T00:00:00Z,BOKU,1147.1875452749996
2020-05-22T00:00:00Z,NMBU,350.1000000000001
2020-05-22T00:00:00Z,Secobra,464.9000000000001
2020-05-23T00:00:00Z,BOKU,1158.0896286049997
2020-05-23T00:00:00Z,NMBU,355.00000000000006
2020-05-23T00:00:00Z,Secobra,474.0000000000001
2020-05-24T00:00:00Z,BOKU,1166.0458786049996
2020-05-24T00:00:00Z,NMBU,361.00000000000006
2020-05-24T00:00:00Z,Secobra,481.5000000000001
2020-05-25T00:00:00Z,BOKU,1173.2323369349997
2020-05-25T00:00:00Z,NMBU,370.40000000000003
2020-05-25T00:00:00Z,Secobra,489.60000000000014
2020-05-26T00:00:00Z,BOKU,1180.2031702649997
2020-05-26T00:00:00Z,NMBU,377.70000000000005
2020-05-26T00:00:00Z,Secobra,495.90000000000015
2020-05-27T00:00:00Z,BOKU,1189.9542119349996
2020-05-27T00:00:00Z,NMBU,384.90000000000003
2020-05-27T00:00:00Z,Secobra,503.60000000000014
2020-05-28T00:00:00Z,BOKU,1196.6198369349997
2020-05-28T00:00:00Z,NMBU,393.00000000000006
2020-05-28T00:00:00Z,Secobra,511.60000000000014
2020-05-29T00:00:00Z,BOKU,1203.7667119349996
2020-05-29T00:00:00Z,NMBU,401.90000000000003
2020-05-29T00:00:00Z,Secobra,517.7000000000002
2020-05-30T00:00:00Z,BOKU,1210.6031702649996
2020-05-30T00:00:00Z,NMBU,413.1
2020-05-30T00:00:00Z,Secobra,523.4000000000002
2020-05-31T00:00:00Z,BOKU,1215.2187952649995
2020-05-31T00:00:00Z,NMBU,425.40000000000003
2020-05-31T00:00:00Z,Secobra,530.9000000000002
2020-06-01T00:00:00Z,BOKU,1225.3302535949995
2020-06-01T00:00:00Z,NMBU,438.8
2020-06-01T00:00:00Z,Secobra,541.2000000000002
2020-06-02T00:00:00Z,BOKU,1235.7771285949996
2020-06-02T00:00:00Z,NMBU,451.5
2020-06-02T00:00:00Z,Secobra,552.7000000000002
2020-06-03T00:00:00Z,BOKU,1246.3802535949997
2020-06-03T00:00:00Z,NMBU,462.9
2020-06-03T00:00:00Z,Secobra,565.6000000000001
2020-06-04T00:00:00Z,BOKU,1257.7958785949997
2020-06-04T00:00:00Z,NMBU,472.9
2020-06-04T00:00:00Z,Secobra,575.7000000000002
2020-06-05T00:00:00Z,BOKU,1267.7062952649997
2020-06-05T00:00:00Z,NMBU,480
2020-06-05T00:00:00Z,Secobra,583.6000000000001
2020-06-06T00:00:00Z,BOKU,1281.4448369349996
2020-06-06T00:00:00Z,NMBU,484
2020-06-06T00:00:00Z,Secobra,593.5000000000001
2020-06-07T00:00:00Z,BOKU,1294.9594202649996
2020-06-07T00:00:00Z,NMBU,490
2020-06-07T00:00:00Z,Secobra,599.2000000000002
2020-06-08T00:00:00Z,BOKU,1303.7396285949997
2020-06-08T00:00:00Z,NMBU,496.2
2020-06-08T00:00:00Z,Secobra,606.3000000000002
2020-06-09T00:00:00Z,BOKU,1314.7021285949997
2020-06-09T00:00:00Z,NMBU,504.7
2020-06-09T00:00:00Z,Secobra,613.7000000000002
2020-06-10T00:00:00Z,BOKU,1324.0708785949998
2020-06-10T00:00:00Z,NMBU,514.5
2020-06-10T00:00:00Z,Secobra,621.6000000000001
2020-06-11T00:00:00Z,BOKU,1335.5604619249998
2020-06-11T00:00:00Z,NMBU,527.6
2020-06-11T00:00:00Z,Secobra,631.0000000000001
2020-06-12T00:00:00Z,BOKU,1349.4458785949998
2020-06-12T00:00:00Z,NMBU,542.5
2020-06-12T00:00:00Z,Secobra,644.4000000000001
2020-06-13T00:00:00Z,BOKU,1366.472961925
2020-06-13T00:00:00Z,NMBU,557.4
2020-06-13T00:00:00Z,Secobra,659.1000000000001
2020-06-14T00:00:00Z,BOKU,1378.346920255
2020-06-14T00:00:00Z,NMBU,571.6
2020-06-14T00:00:00Z,Secobra,668.2000000000002
2020-06-15T00:00:00Z,BOKU,1389.444836925
2020-06-15T00:00:00Z,NMBU,587.4
2020-06-15T00:00:00Z,Secobra,676.8000000000002
2020-06-16T00:00:00Z,BOKU,1402.415670255
2020-06-16T00:00:00Z,NMBU,604.1999999999999
2020-06-16T00:00:00Z,Secobra,687.3000000000002
2020-06-17T00:00:00Z,BOKU,1415.6583785849998
2020-06-17T00:00:00Z,NMBU,620.4999999999999
2020-06-17T00:00:00Z,Secobra,698.9000000000002
2020-06-18T00:00:00Z,BOKU,1428.1375452549998
2020-06-18T00:00:00Z,NMBU,637.7999999999998
2020-06-18T00:00:00Z,Secobra,709.8000000000002
2020-06-19T00:00:00Z,BOKU,1439.8729619249998
2020-06-19T00:00:00Z,NMBU,656.0999999999998
2020-06-19T00:00:00Z,Secobra,718.3000000000002
2020-06-20T00:00:00Z,BOKU,1449.1708785949997
2020-06-20T00:00:00Z,NMBU,672.0999999999998
2020-06-20T00:00:00Z,Secobra,727.7000000000002
2020-06-21T00:00:00Z,BOKU,1458.1062952649997
2020-06-21T00:00:00Z,NMBU,684.3999999999997
2020-06-21T00:00:00Z,Secobra,739.4000000000002
2020-06-22T00:00:00Z,BOKU,1471.9396285949997
2020-06-22T00:00:00Z,NMBU,695.0999999999998
2020-06-22T00:00:00Z,Secobra,752.5000000000002
2020-06-23T00:00:00Z,BOKU,1486.8021285949997
2020-06-23T00:00:00Z,NMBU,708.3999999999997
2020-06-23T00:00:00Z,Secobra,766.5000000000002
2020-06-24T00:00:00Z,BOKU,1498.3667119249997
2020-06-24T00:00:00Z,NMBU,723.4999999999998
2020-06-24T00:00:00Z,Secobra,780.2000000000003
2020-06-25T00:00:00Z,BOKU,1510.2677535949997
2020-06-25T00:00:00Z,NMBU,739.1999999999998
2020-06-25T00:00:00Z,Secobra,792.2000000000003
2020-06-26T00:00:00Z,BOKU,1525.4792119249996
2020-06-26T00:00:00Z,NMBU,755.2999999999998
2020-06-26T00:00:00Z,Secobra,805.5000000000002
2020-06-27T00:00:00Z,BOKU,1542.3781702549995
2020-06-27T00:00:00Z,NMBU,771.9999999999999
2020-06-27T00:00:00Z,Secobra,822.1000000000003
2020-06-28T00:00:00Z,BOKU,1561.6271285849996
2020-06-28T00:00:00Z,NMBU,784.8999999999999
2020-06-28T00:00:00Z,Secobra,837.6000000000003
2020-06-29T00:00:00Z,BOKU,1575.3604619149996
2020-06-29T00:00:00Z,NMBU,795.5999999999999
2020-06-29T00:00:00Z,Secobra,848.9000000000002
2020-06-30T00:00:00Z,BOKU,1590.7417119149995
2020-06-30T00:00:00Z,NMBU,804.5999999999999
2020-06-30T00:00:00Z,Secobra,862.0000000000002
2020-07-01T00:00:00Z,BOKU,1607.7604619149995
2020-07-01T00:00:00Z,NMBU,813.3
2020-07-01T00:00:00Z,Secobra,876.9000000000002
2020-07-02T00:00:00Z,BOKU,1624.1937952449996
2020-07-02T00:00:00Z,NMBU,822.0999999999999
2020-07-02T00:00:00Z,Secobra,890.6000000000003
2020-07-03T00:00:00Z,BOKU,1638.5719202449995
2020-07-03T00:00:00Z,NMBU,829.3999999999999
2020-07-03T00:00:00Z,Secobra,902.4000000000002
2020-07-04T00:00:00Z,BOKU,1653.5083785749996
2020-07-04T00:00:00Z,NMBU,837.8999999999999
2020-07-04T00:00:00Z,Secobra,915.1000000000003
2020-07-05T00:00:00Z,BOKU,1670.1500452449995
2020-07-05T00:00:00Z,NMBU,846.1999999999998
2020-07-05T00:00:00Z,Secobra,930.7000000000003
2020-07-06T00:00:00Z,BOKU,1686.3385869149995
2020-07-06T00:00:00Z,NMBU,853.7999999999998
2020-07-06T00:00:00Z,Secobra,942.2000000000003
2020-07-07T00:00:00Z,BOKU,1698.5458785849994
2020-07-07T00:00:00Z,NMBU,860.5999999999998
2020-07-07T00:00:00Z,Secobra,951.2000000000003
2020-07-08T00:00:00Z,BOKU,1712.1219202549994
2020-07-08T00:00:00Z,NMBU,868.5999999999998
2020-07-08T00:00:00Z,Secobra,963.2000000000003
2020-07-09T00:00:00Z,BOKU,1727.8469202549993
2020-07-09T00:00:00Z,NMBU,877.1999999999998
2020-07-09T00:00:00Z,Secobra,978.2000000000003
2020-07-10T00:00:00Z,BOKU,1747.0875452549992
2020-07-10T00:00:00Z,NMBU,885.3999999999999
2020-07-10T00:00:00Z,Secobra,994.5000000000002
2020-07-11T00:00:00Z,BOKU,1758.2583785849993
2020-07-11T00:00:00Z,NMBU,894.8999999999999
2020-07-11T00:00:00Z,Secobra,1004.8000000000002
2020-07-12T00:00:00Z,BOKU,1769.7833785849994
2020-07-12T00:00:00Z,NMBU,903.7999999999998
2020-07-12T00:00:00Z,Secobra,1014.2000000000002
2020-07-13T00:00:00Z,BOKU,1781.7708785849993
2020-07-13T00:00:00Z,NMBU,913.2999999999998
2020-07-13T00:00:00Z,Secobra,1025.0000000000002
2020-07-14T00:00:00Z,BOKU,1794.6458785849993
2020-07-14T00:00:00Z,NMBU,921.6999999999998
2020-07-14T00:00:00Z,Secobra,1036.6000000000001
2020-07-15T00:00:00Z,BOKU,1808.5656702549993
2020-07-15T00:00:00Z,NMBU,933.2999999999998
2020-07-15T00:00:00Z,Secobra,1047.8000000000002
2020-07-16T00:00:00Z,BOKU,1820.2052535849994
2020-07-16T00:00:00Z,NMBU,943.9999999999999
2020-07-16T00:00:00Z,Secobra,1056.9
2020-07-17T00:00:00Z,BOKU,1830.5823369149994
2020-07-17T00:00:00Z,NMBU,954.4999999999999
2020-07-17T00:00:00Z,Secobra,1067.3000000000002
2020-07-18T00:00:00Z,BOKU,1839.8927535849994
2020-07-18T00:00:00Z,NMBU,964.9999999999999
2020-07-18T00:00:00Z,Secobra,1078.3000000000002
2020-07-19T00:00:00Z,BOKU,1852.6615035849993
2020-07-19T00:00:00Z,NMBU,975.4999999999999
2020-07-19T00:00:00Z,Secobra,1092.3000000000002
2020-07-20T00:00:00Z,BOKU,1867.8229619149993
2020-07-20T00:00:00Z,NMBU,986.6999999999999
2020-07-20T00:00:00Z,Secobra,1108.1000000000001
2020-07-21T00:00:00Z,BOKU,1882.0990035849993
2020-07-21T00:00:00Z,NMBU,995.3
2020-07-21T00:00:00Z,Secobra,1122.3000000000002
2020-07-22T00:00:00Z,BOKU,1897.1958785849993
2020-07-22T00:00:00Z,NMBU,1003.5
2020-07-22T00:00:00Z,Secobra,1136.2000000000003
2020-07-23T00:00:00Z,BOKU,1912.1719202549993
2020-07-23T00:00:00Z,NMBU,1011.7
2020-07-23T00:00:00Z,Secobra,1150.0000000000002
2020-07-24T00:00:00Z,BOKU,1925.2917119249994
2020-07-24T00:00:00Z,NMBU,1020.8000000000001
2020-07-24T00:00:00Z,Secobra,1163.6000000000001
2020-07-25T00:00:00Z,BOKU,1939.4240035949995
2020-07-25T00:00:00Z,NMBU,1031.5
2020-07-25T00:00:00Z,Secobra,1177.9
2020-07-26T00:00:00Z,BOKU,1953.6333785949994
2020-07-26T00:00:00Z,NMBU,1041.3
2020-07-26T00:00:00Z,Secobra,1190.4
2020-07-27T00:00:00Z,BOKU,1970.3521285949994
2020-07-27T00:00:00Z,NMBU,1052.2
2020-07-27T00:00:00Z,Secobra,1205.2
2020-07-28T00:00:00Z,BOKU,1989.1885869249993
2020-07-28T00:00:00Z,NMBU,1061
2020-07-28T00:00:00Z,Secobra,1222.7
2020-07-29T00:00:00Z,BOKU,2006.3552535949993
2020-07-29T00:00:00Z,NMBU,1069.2
2020-07-29T00:00:00Z,Secobra,1237.7
2020-07-30T00:00:00Z,BOKU,2023.7937952649993
2020-07-30T00:00:00Z,NMBU,1080.6000000000001
2020-07-30T00:00:00Z,Secobra,1253.6000000000001
2020-07-31T00:00:00Z,BOKU,2041.7552535949992
2020-07-31T00:00:00Z,NMBU,1094.1000000000001
2020-07-31T00:00:00Z,Secobra,1271.2
2020-08-01T00:00:00Z,BOKU,2058.8146285949992
2020-08-01T00:00:00Z,NMBU,1107.5000000000002
2020-08-01T00:00:00Z,Secobra,1289.8
2020-08-02T00:00:00Z,BOKU,2075.278170264999
2020-08-02T00:00:00Z,NMBU,1117.9000000000003
2020-08-02T00:00:00Z,Secobra,1304
2020-08-03T00:00:00Z,BOKU,2088.768795264999
2020-08-03T00:00:00Z,NMBU,1128.2000000000003
2020-08-03T00:00:00Z,Secobra,1315.3
2020-08-04T00:00:00Z,BOKU,2099.135461934999
2020-08-04T00:00:00Z,NMBU,1137.8000000000002
2020-08-04T00:00:00Z,Secobra,1323.7
2020-08-05T00:00:00Z,BOKU,2108.399003604999
2020-08-05T00:00:00Z,NMBU,1146.2000000000003
2020-08-05T00:00:00Z,Secobra,1333.9
2020-08-06T00:00:00Z,BOKU,2122.5448369349992
2020-08-06T00:00:00Z,NMBU,1158.6000000000004
2020-08-06T00:00:00Z,Secobra,1347.1000000000001
2020-08-07T00:00:00Z,BOKU,2139.7198369349994
2020-08-07T00:00:00Z,NMBU,1172.0000000000005
2020-08-07T00:00:00Z,Secobra,1363.2
2020-08-08T00:00:00Z,BOKU,2157.6125452649994
2020-08-08T00:00:00Z,NMBU,1186.2000000000005
2020-08-08T00:00:00Z,Secobra,1379.5
2020-08-09T00:00:00Z,BOKU,2175.7177535949995
2020-08-09T00:00:00Z,NMBU,1199.4000000000005
2020-08-09T00:00:00Z,Secobra,1395.9
2020-08-10T00:00:00Z,BOKU,2194.4031702649995
2020-08-10T00:00:00Z,NMBU,1212.3000000000006
2020-08-10T00:00:00Z,Secobra,1413
2020-08-11T00:00:00Z,BOKU,2211.8219202649993
2020-08-11T00:00:00Z,NMBU,1226.2000000000007
2020-08-11T00:00:00Z,Secobra,1430.6
2020-08-12T00:00:00Z,BOKU,2229.3250452649995
2020-08-12T00:00:00Z,NMBU,1240.9000000000008
2020-08-12T00:00:00Z,Secobra,1447.8999999999999
2020-08-13T00:00:00Z,BOKU,2247.3354619349993
2020-08-13T00:00:00Z,NMBU,1254.6000000000008
2020-08-13T00:00:00Z,Secobra,1462.8999999999999
2020-08-14T00:00:00Z,BOKU,2263.9302536049995
2020-08-14T00:00:00Z,NMBU,1269.000000000001
2020-08-14T00:00:00Z,Secobra,1478.1
2020-08-15T00:00:00Z,BOKU,2278.7781702749994
2020-08-15T00:00:00Z,NMBU,1282.6000000000008
2020-08-15T00:00:00Z,Secobra,1493.5
2020-08-16T00:00:00Z,BOKU,2294.663586944999
2020-08-16T00:00:00Z,NMBU,1295.6000000000008
2020-08-17T00:00:00Z,BOKU,2310.116711944999
2020-08-17T00:00:00Z,NMBU,1309.2000000000007
2020-08-18T00:00:00Z,BOKU,2324.5406702749992
2020-08-18T00:00:00Z,NMBU,1323.9000000000008
2020-08-19T00:00:00Z,BOKU,2338.9542119449993
2020-08-19T00:00:00Z,NMBU,1337.1000000000008
2020-08-20T00:00:00Z,BOKU,2354.6031702749992
2020-08-20T00:00:00Z,NMBU,1350.8000000000009
2020-08-21T00:00:00Z,BOKU,2372.8781702749993
2020-08-21T00:00:00Z,NMBU,1362.9000000000008
2020-08-22T00:00:00Z,BOKU,2389.701086944999
2020-08-22T00:00:00Z,NMBU,1375.8000000000009
2020-08-23T00:00:00Z,BOKU,2405.6417119449993
2020-08-23T00:00:00Z,NMBU,1386.4000000000008
2020-08-24T00:00:00Z,BOKU,2419.8187952749995
2020-08-24T00:00:00Z,NMBU,1394.3000000000009
2020-08-25T00:00:00Z,BOKU,2433.7260869449997
2020-08-25T00:00:00Z,NMBU,1400.8000000000009
2020-08-26T00:00:00Z,BOKU,2449.5479619449998
2020-08-26T00:00:00Z,NMBU,1407.200000000001
2020-08-27T00:00:00Z,BOKU,2464.3333786149997
2020-08-27T00:00:00Z,NMBU,1413.8000000000009
2020-08-28T00:00:00Z,BOKU,2479.178170285
2020-08-28T00:00:00Z,NMBU,1422.000000000001
2020-08-29T00:00:00Z,BOKU,2493.7177536149998
2020-08-29T00:00:00Z,NMBU,1428.8000000000009
2020-08-30T00:00:00Z,BOKU,2508.2781702849998
2020-08-30T00:00:00Z,NMBU,1435.000000000001
2020-08-31T00:00:00Z,BOKU,2520.404211955
2020-08-31T00:00:00Z,NMBU,1440.6000000000008
2020-09-01T00:00:00Z,BOKU,2529.608378625
2020-09-01T00:00:00Z,NMBU,1446.7000000000007
2020-09-02T00:00:00Z,BOKU,2539.353170295
2020-09-02T00:00:00Z,NMBU,1454.1000000000008
2020-09-03T00:00:00Z,BOKU,2550.224003625
2020-09-03T00:00:00Z,NMBU,1461.8000000000009
2020-09-04T00:00:00Z,BOKU,2562.204211955
2020-09-04T00:00:00Z,NMBU,1471.4000000000008
2020-09-05T00:00:00Z,BOKU,2576.401086955
2020-09-05T00:00:00Z,NMBU,1478.8000000000009
2020-09-06T00:00:00Z,BOKU,2588.2385869550003
2020-09-06T00:00:00Z,NMBU,1484.500000000001
2020-09-07T00:00:00Z,BOKU,2598.496920285
2020-09-07T00:00:00Z,NMBU,1489.700000000001
2020-09-08T00:00:00Z,BOKU,2608.5292119550004
2020-09-08T00:00:00Z,NMBU,1499.200000000001
2020-09-09T00:00:00Z,BOKU,2620.3469202850006
2020-09-09T00:00:00Z,NMBU,1506.900000000001
2020-09-10T00:00:00Z,BOKU,2633.3542119550007
2020-09-10T00:00:00Z,NMBU,1512.900000000001
2020-09-11T00:00:00Z,BOKU,2645.8219202850005
2020-09-11T00:00:00Z,NMBU,1517.500000000001
2020-09-12T00:00:00Z,BOKU,2659.0885869550007
2020-09-12T00:00:00Z,NMBU,1525.3000000000009
2020-09-13T00:00:00Z,BOKU,2673.9740036250005
2020-09-13T00:00:00Z,NMBU,1531.8000000000009
2020-09-14T00:00:00Z,BOKU,2688.1458786250005
2020-09-14T00:00:00Z,NMBU,1542.500000000001
2020-09-15T00:00:00Z,BOKU,2704.1823369550007
2020-09-15T00:00:00Z,NMBU,1551.900000000001
2020-09-16T00:00:00Z,BOKU,2718.9781702850005
2020-09-16T00:00:00Z,NMBU,1560.100000000001
2020-09-17T00:00:00Z,BOKU,2732.7854619550003
2020-09-17T00:00:00Z,NMBU,1564.900000000001
2020-09-18T00:00:00Z,BOKU,2740.9260869550003
2020-09-18T00:00:00Z,NMBU,1572.600000000001
2020-09-19T00:00:00Z,BOKU,2749.6094202850004
2020-09-19T00:00:00Z,NMBU,1579.700000000001
2020-09-20T00:00:00Z,BOKU,2761.9177536150005
2020-09-20T00:00:00Z,NMBU,1587.100000000001
2020-09-21T00:00:00Z,BOKU,2775.7885869450006
2020-09-21T00:00:00Z,NMBU,1595.700000000001
2020-09-22T00:00:00Z,BOKU,2791.0833786150006
2020-09-22T00:00:00Z,NMBU,1602.700000000001
2020-09-23T00:00:00Z,BOKU,2803.6135869450004
2020-09-23T00:00:00Z,NMBU,1611.700000000001
2020-09-24T00:00:00Z,BOKU,2817.0958786150004
2020-09-24T00:00:00Z,NMBU,1619.900000000001
2020-09-25T00:00:00Z,BOKU,2825.999003615
2020-09-25T00:00:00Z,NMBU,1624.000000000001
2020-09-26T00:00:00Z,BOKU,2829.833378615
2020-09-26T00:00:00Z,NMBU,1626.200000000001
2020-09-27T00:00:00Z,BOKU,2836.462545285
2020-09-27T00:00:00Z,NMBU,1631.3000000000009
2020-09-28T00:00:00Z,BOKU,2841.550045285
2020-09-28T00:00:00Z,NMBU,1638.000000000001
2020-09-29T00:00:00Z,BOKU,2847.507336955
2020-09-29T00:00:00Z,NMBU,1644.500000000001
2020-09-30T00:00:00Z,BOKU,2855.183378625
2020-09-30T00:00:00Z,NMBU,1650.900000000001
2020-10-01T00:00:00Z,BOKU,2863.355253625
2020-10-01T00:00:00Z,NMBU,1657.100000000001
2020-10-02T00:00:00Z,BOKU,2871.892753625
2020-10-02T00:00:00Z,NMBU,1664.5000000000011
2020-10-03T00:00:00Z,BOKU,2885.8656702949997
2020-10-03T00:00:00Z,NMBU,1671.9000000000012
2020-10-04T00:00:00Z,BOKU,2897.525045295
2020-10-04T00:00:00Z,NMBU,1679.9000000000012
2020-10-05T00:00:00Z,BOKU,2905.976086965
2020-10-05T00:00:00Z,NMBU,1687.1000000000013
2020-10-06T00:00:00Z,BOKU,2913.230253635
2020-10-06T00:00:00Z,NMBU,1692.5000000000014
2020-10-07T00:00:00Z,BOKU,2920.659420305
2020-10-07T00:00:00Z,NMBU,1698.0000000000014
2020-10-08T00:00:00Z,BOKU,2927.9396286349997
2020-10-08T00:00:00Z,NMBU,1702.7000000000014
2020-10-09T00:00:00Z,BOKU,2936.634420305
2020-10-09T00:00:00Z,NMBU,1707.0000000000014
2020-10-10T00:00:00Z,BOKU,2944.291711975
2020-10-10T00:00:00Z,NMBU,1708.8000000000013
2020-10-11T00:00:00Z,BOKU,2948.399003642
2020-10-11T00:00:00Z,NMBU,1711.1000000000013
2020-10-12T00:00:00Z,BOKU,2950.288586975
2020-10-12T00:00:00Z,NMBU,1711.3000000000013
2020-10-13T00:00:00Z,BOKU,2952.338586975
2020-10-13T00:00:00Z,NMBU,1711.3000000000013
2020-10-14T00:00:00Z,BOKU,2954.799003642
2020-10-14T00:00:00Z,NMBU,1711.3000000000013
2020-10-15T00:00:00Z,BOKU,2958.320878642
2020-10-15T00:00:00Z,NMBU,1711.3000000000013
2020-10-16T00:00:00Z,BOKU,2960.6969203090002
2020-10-16T00:00:00Z,NMBU,1711.7000000000014
2020-10-17T00:00:00Z,BOKU,2963.4583786420003
2020-10-17T00:00:00Z,NMBU,1711.7000000000014
2020-10-18T00:00:00Z,BOKU,2966.8990036420005
2020-10-18T00:00:00Z,NMBU,1711.7000000000014
2020-10-19T00:00:00Z,BOKU,2969.5302536420004
2020-10-19T00:00:00Z,NMBU,1711.7000000000014
2020-10-20T00:00:00Z,BOKU,2974.3760869750004
2020-10-20T00:00:00Z,NMBU,1711.7000000000014
2020-10-21T00:00:00Z,BOKU,2978.0615036420004
2020-10-21T00:00:00Z,NMBU,1712.4000000000015
2020-10-22T00:00:00Z,BOKU,2980.966711975
2020-10-22T00:00:00Z,NMBU,1714.1000000000015
2020-10-23T00:00:00Z,BOKU,2984.820878642
2020-10-23T00:00:00Z,NMBU,1714.1000000000015
2020-10-24T00:00:00Z,BOKU,2991.584420312
2020-10-24T00:00:00Z,NMBU,1714.1000000000015
2020-10-25T00:00:00Z,BOKU,2996.990670312
2020-10-25T00:00:00Z,NMBU,1718.6000000000015
2020-10-26T00:00:00Z,BOKU,3003.299003642
2020-10-26T00:00:00Z,NMBU,1721.2000000000014
2020-10-27T00:00:00Z,BOKU,3006.111503642
2020-10-27T00:00:00Z,NMBU,1724.0000000000014
2020-10-28T00:00:00Z,BOKU,3007.9312953090002
2020-10-28T00:00:00Z,NMBU,1727.0000000000014
2020-10-29T00:00:00Z,BOKU,3011.8896286420004
2020-10-29T00:00:00Z,NMBU,1727.4000000000015
2020-10-30T00:00:00Z,BOKU,3017.1042119720005
2020-10-30T00:00:00Z,NMBU,1727.4000000000015
2020-10-31T00:00:00Z,BOKU,3023.7927536420007
2020-10-31T00:00:00Z,NMBU,1728.5000000000014
2020-11-01T00:00:00Z,BOKU,3028.0333786420006
2020-11-01T00:00:00Z,NMBU,1733.2000000000014
2020-11-02T00:00:00Z,BOKU,3037.5219203120005
2020-11-02T00:00:00Z,NMBU,1738.7000000000014
2020-11-03T00:00:00Z,BOKU,3047.3292119820003
2020-11-03T00:00:00Z,NMBU,1740.6000000000015
2020-11-04T00:00:00Z,BOKU,3052.772961982
2020-11-04T00:00:00Z,NMBU,1740.6000000000015
2020-11-05T00:00:00Z,BOKU,3055.593795315
2020-11-05T00:00:00Z,NMBU,1743.8000000000015
2020-11-06T00:00:00Z,BOKU,3055.593795315
2020-11-06T00:00:00Z,NMBU,1748.0000000000016
2020-11-07T00:00:00Z,BOKU,3056.413586982
2020-11-07T00:00:00Z,NMBU,1748.0000000000016
2020-11-08T00:00:00Z,BOKU,3056.413586982
2020-11-08T00:00:00Z,NMBU,1748.0000000000016
2020-11-09T00:00:00Z,BOKU,3056.6437953150003
2020-11-09T00:00:00Z,NMBU,1748.0000000000016
2020-11-10T00:00:00Z,BOKU,3057.3740036480003
2020-11-10T00:00:00Z,NMBU,1748.0000000000016
2020-11-11T00:00:00Z,BOKU,3058.212545315
2020-11-11T00:00:00Z,NMBU,1748.1000000000015
2020-11-12T00:00:00Z,BOKU,3059.772961982
2020-11-12T00:00:00Z,NMBU,1748.1000000000015
2020-11-13T00:00:00Z,BOKU,3061.4854619820003
2020-11-13T00:00:00Z,NMBU,1748.1000000000015
2020-11-14T00:00:00Z,BOKU,3062.806295315
2020-11-14T00:00:00Z,NMBU,1749.6000000000015
2020-11-14T00:00:00Z,Secobra,1497
2020-11-15T00:00:00Z,BOKU,3064.0479619820003
2020-11-15T00:00:00Z,NMBU,1753.2000000000014
2020-11-15T00:00:00Z,Secobra,1497.1
2020-11-16T00:00:00Z,BOKU,3065.8771286490005
2020-11-16T00:00:00Z,NMBU,1756.2000000000014
2020-11-16T00:00:00Z,Secobra,1500.1999999999998
2020-11-17T00:00:00Z,BOKU,3068.6490036490004
2020-11-17T00:00:00Z,NMBU,1759.1000000000015
2020-11-17T00:00:00Z,Secobra,1502.3999999999999
2020-11-18T00:00:00Z,BOKU,3070.411503649
2020-11-18T00:00:00Z,NMBU,1763.9000000000015
2020-11-18T00:00:00Z,Secobra,1502.3999999999999
2020-11-19T00:00:00Z,BOKU,3070.859420316
2020-11-19T00:00:00Z,NMBU,1763.9000000000015
2020-11-19T00:00:00Z,Secobra,1502.8999999999999
2020-11-20T00:00:00Z,BOKU,3071.997961983
2020-11-20T00:00:00Z,NMBU,1763.9000000000015
2020-11-20T00:00:00Z,Secobra,1502.8999999999999
2020-11-21T00:00:00Z,BOKU,3071.997961983
2020-11-21T00:00:00Z,NMBU,1764.2000000000014
2020-11-21T00:00:00Z,Secobra,1502.8999999999999
2020-11-22T00:00:00Z,BOKU,3071.997961983
2020-11-22T00:00:00Z,NMBU,1764.2000000000014
2020-11-22T00:00:00Z,Secobra,1502.8999999999999
2020-11-23T00:00:00Z,BOKU,3071.997961983
2020-11-23T00:00:00Z,NMBU,1764.2000000000014
2020-11-23T00:00:00Z,Secobra,1502.8999999999999
2020-11-24T00:00:00Z,BOKU,3071.997961983
2020-11-24T00:00:00Z,NMBU,1765.7000000000014
2020-11-24T00:00:00Z,Secobra,1502.8999999999999
2020-11-25T00:00:00Z,BOKU,3071.997961983
2020-11-25T00:00:00Z,NMBU,1768.8000000000013
2020-11-25T00:00:00Z,Secobra,1502.8999999999999
2020-11-26T00:00:00Z,BOKU,3071.997961983
2020-11-26T00:00:00Z,NMBU,1768.8000000000013
2020-11-26T00:00:00Z,Secobra,1502.8999999999999
2020-11-27T00:00:00Z,BOKU,3071.997961983
2020-11-27T00:00:00Z,NMBU,1768.8000000000013
2020-11-27T00:00:00Z,Secobra,1502.8999999999999
2020-11-28T00:00:00Z,BOKU,3071.997961983
2020-11-28T00:00:00Z,NMBU,1768.8000000000013
2020-11-28T00:00:00Z,Secobra,1502.8999999999999
2020-11-29T00:00:00Z,BOKU,3071.997961983
2020-11-29T00:00:00Z,NMBU,1768.8000000000013
2020-11-29T00:00:00Z,Secobra,1502.8999999999999
2020-11-30T00:00:00Z,BOKU,3071.997961983
2020-11-30T00:00:00Z,NMBU,1768.8000000000013
2020-11-30T00:00:00Z,Secobra,1502.8999999999999
2020-12-01T00:00:00Z,BOKU,3071.997961983
2020-12-01T00:00:00Z,NMBU,1768.8000000000013
2020-12-01T00:00:00Z,Secobra,1502.8999999999999
2020-12-02T00:00:00Z,BOKU,3071.997961983
2020-12-02T00:00:00Z,NMBU,1768.8000000000013
2020-12-02T00:00:00Z,Secobra,1502.8999999999999
2020-12-03T00:00:00Z,BOKU,3071.997961983
2020-12-03T00:00:00Z,NMBU,1768.8000000000013
2020-12-03T00:00:00Z,Secobra,1502.8999999999999
2020-12-04T00:00:00Z,BOKU,3071.997961983
2020-12-04T00:00:00Z,NMBU,1768.8000000000013
2020-12-04T00:00:00Z,Secobra,1502.8999999999999
2020-12-05T00:00:00Z,BOKU,3073.709420316
2020-12-05T00:00:00Z,NMBU,1768.8000000000013
2020-12-05T00:00:00Z,Secobra,1502.8999999999999
2020-12-06T00:00:00Z,BOKU,3077.209420316
2020-12-06T00:00:00Z,NMBU,1768.8000000000013
2020-12-06T00:00:00Z,Secobra,1502.8999999999999
2020-12-07T00:00:00Z,BOKU,3079.357336983
2020-12-07T00:00:00Z,NMBU,1768.8000000000013
2020-12-07T00:00:00Z,Secobra,1502.8999999999999
2020-12-08T00:00:00Z,BOKU,3079.357336983
2020-12-08T00:00:00Z,NMBU,1768.8000000000013
2020-12-08T00:00:00Z,Secobra,1502.8999999999999
2020-12-09T00:00:00Z,BOKU,3079.357336983
2020-12-09T00:00:00Z,NMBU,1768.8000000000013
2020-12-09T00:00:00Z,Secobra,1502.8999999999999
2020-12-10T00:00:00Z,BOKU,3079.357336983
2020-12-10T00:00:00Z,NMBU,1768.8000000000013
2020-12-10T00:00:00Z,Secobra,1502.8999999999999
2020-12-11T00:00:00Z,BOKU,3079.357336983
2020-12-11T00:00:00Z,NMBU,1768.8000000000013
2020-12-11T00:00:00Z,Secobra,1502.8999999999999
2020-12-12T00:00:00Z,BOKU,3079.357336983
2020-12-12T00:00:00Z,NMBU,1768.8000000000013
2020-12-12T00:00:00Z,Secobra,1502.8999999999999
2020-12-13T00:00:00Z,BOKU,3079.357336983
2020-12-13T00:00:00Z,NMBU,1768.8000000000013
2020-12-13T00:00:00Z,Secobra,1502.8999999999999
2020-12-14T00:00:00Z,BOKU,3079.357336983
2020-12-14T00:00:00Z,NMBU,1768.8000000000013
2020-12-14T00:00:00Z,Secobra,1502.8999999999999
2020-12-15T00:00:00Z,BOKU,3079.357336983
2020-12-15T00:00:00Z,NMBU,1768.8000000000013
2020-12-15T00:00:00Z,Secobra,1502.8999999999999
2020-12-16T00:00:00Z,BOKU,3079.357336983
2020-12-16T00:00:00Z,NMBU,1768.8000000000013
2020-12-16T00:00:00Z,Secobra,1502.8999999999999
2020-12-17T00:00:00Z,BOKU,3079.357336983
2020-12-17T00:00:00Z,NMBU,1768.8000000000013
2020-12-17T00:00:00Z,Secobra,1502.8999999999999
2020-12-18T00:00:00Z,BOKU,3079.357336983
2020-12-18T00:00:00Z,NMBU,1768.8000000000013
2020-12-18T00:00:00Z,Secobra,1502.8999999999999
2020-12-19T00:00:00Z,BOKU,3079.357336983
2020-12-19T00:00:00Z,NMBU,1769.2000000000014
2020-12-19T00:00:00Z,Secobra,1502.8999999999999
2020-12-20T00:00:00Z,BOKU,3079.357336983
2020-12-20T00:00:00Z,NMBU,1770.4000000000015
2020-12-20T00:00:00Z,Secobra,1502.8999999999999
2020-12-21T00:00:00Z,BOKU,3079.357336983
2020-12-21T00:00:00Z,NMBU,1770.4000000000015
2020-12-21T00:00:00Z,Secobra,1502.8999999999999
2020-12-22T00:00:00Z,BOKU,3080.40212865
2020-12-22T00:00:00Z,NMBU,1770.4000000000015
2020-12-22T00:00:00Z,Secobra,1507.8
2020-12-23T00:00:00Z,BOKU,3086.40837865
2020-12-23T00:00:00Z,NMBU,1770.4000000000015
2020-12-23T00:00:00Z,Secobra,1512.8
2020-12-24T00:00:00Z,BOKU,3089.579211983
2020-12-24T00:00:00Z,NMBU,1770.4000000000015
2020-12-24T00:00:00Z,Secobra,1514.6
2020-12-25T00:00:00Z,BOKU,3089.579211983
2020-12-25T00:00:00Z,NMBU,1770.4000000000015
2020-12-25T00:00:00Z,Secobra,1514.6
2020-12-26T00:00:00Z,BOKU,3089.579211983
2020-12-26T00:00:00Z,NMBU,1770.4000000000015
2020-12-26T00:00:00Z,Secobra,1514.6
2020-12-27T00:00:00Z,BOKU,3089.579211983
2020-12-27T00:00:00Z,NMBU,1770.4000000000015
2020-12-27T00:00:00Z,Secobra,1514.6
2020-12-28T00:00:00Z,BOKU,3089.579211983
2020-12-28T00:00:00Z,NMBU,1770.4000000000015
2020-12-28T00:00:00Z,Secobra,1514.6
2020-12-29T00:00:00Z,BOKU,3089.579211983
2020-12-29T00:00:00Z,NMBU,1770.4000000000015
2020-12-29T00:00:00Z,Secobra,1514.6
2020-12-30T00:00:00Z,BOKU,3089.579211983
2020-12-30T00:00:00Z,NMBU,1770.4000000000015
2020-12-30T00:00:00Z,Secobra,1514.6
2020-12-31T00:00:00Z,BOKU,3089.579211983
2020-12-31T00:00:00Z,NMBU,1770.4000000000015
2020-12-31T00:00:00Z,Secobra,1514.6
2021-01-01T00:00:00Z,BOKU,3089.579211983
2021-01-01T00:00:00Z,NMBU,1770.4000000000015
2021-01-01T00:00:00Z,Secobra,1514.6
2021-01-02T00:00:00Z,BOKU,3089.579211983
2021-01-02T00:00:00Z,NMBU,1770.4000000000015
2021-01-02T00:00:00Z,Secobra,1514.6
2021-01-03T00:00:00Z,BOKU,3089.579211983
2021-01-03T00:00:00Z,NMBU,1770.4000000000015
2021-01-03T00:00:00Z,Secobra,1514.6
2021-01-04T00:00:00Z,BOKU,3089.579211983
2021-01-04T00:00:00Z,NMBU,1770.4000000000015
2021-01-04T00:00:00Z,Secobra,1514.6
2021-01-05T00:00:00Z,BOKU,3089.579211983
2021-01-05T00:00:00Z,NMBU,1770.4000000000015
2021-01-05T00:00:00Z,Secobra,1514.6
2021-01-06T00:00:00Z,BOKU,3089.579211983
2021-01-06T00:00:00Z,NMBU,1770.4000000000015
2021-01-06T00:00:00Z,Secobra,1514.6
2021-01-07T00:00:00Z,BOKU,3089.579211983
2021-01-07T00:00:00Z,NMBU,1770.4000000000015
2021-01-07T00:00:00Z,Secobra,1514.6
2021-01-08T00:00:00Z,BOKU,3089.579211983
2021-01-08T00:00:00Z,NMBU,1770.4000000000015
2021-01-08T00:00:00Z,Secobra,1514.6
2021-01-09T00:00:00Z,BOKU,3089.579211983
2021-01-09T00:00:00Z,NMBU,1770.4000000000015
2021-01-09T00:00:00Z,Secobra,1514.6
2021-01-10T00:00:00Z,BOKU,3089.579211983
2021-01-10T00:00:00Z,NMBU,1770.4000000000015
2021-01-10T00:00:00Z,Secobra,1514.6
2021-01-11T00:00:00Z,BOKU,3089.579211983
2021-01-11T00:00:00Z,NMBU,1770.4000000000015
2021-01-11T00:00:00Z,Secobra,1514.6
2021-01-12T00:00:00Z,BOKU,3089.579211983
2021-01-12T00:00:00Z,NMBU,1770.4000000000015
2021-01-12T00:00:00Z,Secobra,1514.6
2021-01-13T00:00:00Z,BOKU,3089.579211983
2021-01-13T00:00:00Z,NMBU,1770.4000000000015
2021-01-13T00:00:00Z,Secobra,1514.6
2021-01-14T00:00:00Z,BOKU,3089.579211983
2021-01-14T00:00:00Z,NMBU,1770.4000000000015
2021-01-14T00:00:00Z,Secobra,1514.6
2021-01-15T00:00:00Z,BOKU,3089.579211983
2021-01-15T00:00:00Z,NMBU,1770.4000000000015
2021-01-15T00:00:00Z,Secobra,1514.6
2021-01-16T00:00:00Z,BOKU,3089.579211983
2021-01-16T00:00:00Z,NMBU,1770.4000000000015
2021-01-16T00:00:00Z,Secobra,1514.6
2021-01-17T00:00:00Z,BOKU,3089.579211983
2021-01-17T00:00:00Z,NMBU,1770.4000000000015
2021-01-17T00:00:00Z,Secobra,1514.6
2021-01-18T00:00:00Z,BOKU,3089.579211983
2021-01-18T00:00:00Z,NMBU,1770.4000000000015
2021-01-18T00:00:00Z,Secobra,1514.6
2021-01-19T00:00:00Z,BOKU,3089.579211983
2021-01-19T00:00:00Z,NMBU,1770.4000000000015
2021-01-19T00:00:00Z,Secobra,1514.6
2021-01-20T00:00:00Z,BOKU,3089.678170316
2021-01-20T00:00:00Z,NMBU,1770.4000000000015
2021-01-20T00:00:00Z,Secobra,1514.6
2021-01-21T00:00:00Z,BOKU,3089.678170316
2021-01-21T00:00:00Z,NMBU,1770.4000000000015
2021-01-21T00:00:00Z,Secobra,1514.6
2021-01-22T00:00:00Z,BOKU,3089.678170316
2021-01-22T00:00:00Z,NMBU,1770.4000000000015
2021-01-22T00:00:00Z,Secobra,1514.6
2021-01-23T00:00:00Z,BOKU,3090.726086983
2021-01-23T00:00:00Z,NMBU,1770.4000000000015
2021-01-23T00:00:00Z,Secobra,1514.6
2021-01-24T00:00:00Z,BOKU,3090.726086983
2021-01-24T00:00:00Z,NMBU,1770.4000000000015
2021-01-24T00:00:00Z,Secobra,1514.6
2021-01-25T00:00:00Z,BOKU,3090.726086983
2021-01-25T00:00:00Z,NMBU,1770.4000000000015
2021-01-25T00:00:00Z,Secobra,1514.6
2021-01-26T00:00:00Z,BOKU,3090.726086983
2021-01-26T00:00:00Z,NMBU,1770.4000000000015
2021-01-26T00:00:00Z,Secobra,1514.6
2021-01-27T00:00:00Z,BOKU,3090.726086983
2021-01-27T00:00:00Z,NMBU,1770.4000000000015
2021-01-27T00:00:00Z,Secobra,1514.6
2021-01-28T00:00:00Z,BOKU,3090.726086983
2021-01-28T00:00:00Z,NMBU,1770.4000000000015
2021-01-28T00:00:00Z,Secobra,1514.6
2021-01-29T00:00:00Z,BOKU,3091.584420316
2021-01-29T00:00:00Z,NMBU,1770.4000000000015
2021-01-29T00:00:00Z,Secobra,1516.3
2021-01-30T00:00:00Z,BOKU,3091.584420316
2021-01-30T00:00:00Z,NMBU,1770.4000000000015
2021-01-30T00:00:00Z,Secobra,1516.3
2021-01-31T00:00:00Z,BOKU,3091.584420316
2021-01-31T00:00:00Z,NMBU,1770.4000000000015
2021-01-31T00:00:00Z,Secobra,1516.3
2021-02-01T00:00:00Z,BOKU,3091.584420316
2021-02-01T00:00:00Z,NMBU,1770.4000000000015
2021-02-01T00:00:00Z,Secobra,1516.3
2021-02-02T00:00:00Z,BOKU,3091.584420316
2021-02-02T00:00:00Z,NMBU,1770.4000000000015
2021-02-02T00:00:00Z,Secobra,1518.7
2021-02-03T00:00:00Z,BOKU,3091.584420316
2021-02-03T00:00:00Z,NMBU,1770.4000000000015
2021-02-03T00:00:00Z,Secobra,1522.2
2021-02-04T00:00:00Z,BOKU,3095.081295316
2021-02-04T00:00:00Z,NMBU,1770.4000000000015
2021-02-04T00:00:00Z,Secobra,1524.1000000000001
2021-02-05T00:00:00Z,BOKU,3095.3906703159996
2021-02-05T00:00:00Z,NMBU,1770.4000000000015
2021-02-05T00:00:00Z,Secobra,1525.4
2021-02-06T00:00:00Z,BOKU,3095.3906703159996
2021-02-06T00:00:00Z,NMBU,1770.4000000000015
2021-02-06T00:00:00Z,Secobra,1525.5
2021-02-07T00:00:00Z,BOKU,3095.3906703159996
2021-02-07T00:00:00Z,NMBU,1770.4000000000015
2021-02-07T00:00:00Z,Secobra,1525.5
2021-02-08T00:00:00Z,BOKU,3095.3906703159996
2021-02-08T00:00:00Z,NMBU,1770.4000000000015
2021-02-08T00:00:00Z,Secobra,1525.5
2021-02-09T00:00:00Z,BOKU,3095.3906703159996
2021-02-09T00:00:00Z,NMBU,1770.4000000000015
2021-02-09T00:00:00Z,Secobra,1525.5
2021-02-10T00:00:00Z,BOKU,3095.3906703159996
2021-02-10T00:00:00Z,NMBU,1770.4000000000015
2021-02-10T00:00:00Z,Secobra,1525.5
2021-02-11T00:00:00Z,BOKU,3095.3906703159996
2021-02-11T00:00:00Z,NMBU,1770.4000000000015
2021-02-11T00:00:00Z,Secobra,1525.5
2021-02-12T00:00:00Z,BOKU,3095.3906703159996
2021-02-12T00:00:00Z,NMBU,1770.4000000000015
2021-02-12T00:00:00Z,Secobra,1525.5
2021-02-13T00:00:00Z,BOKU,3095.3906703159996
2021-02-13T00:00:00Z,NMBU,1770.4000000000015
2021-02-13T00:00:00Z,Secobra,1525.5
2021-02-14T00:00:00Z,BOKU,3095.3906703159996
2021-02-14T00:00:00Z,NMBU,1770.4000000000015
2021-02-14T00:00:00Z,Secobra,1525.5
2021-02-15T00:00:00Z,BOKU,3095.3906703159996
2021-02-15T00:00:00Z,NMBU,1770.4000000000015
2021-02-15T00:00:00Z,Secobra,1525.5
2021-02-16T00:00:00Z,BOKU,3095.3906703159996
2021-02-16T00:00:00Z,NMBU,1770.4000000000015
2021-02-16T00:00:00Z,Secobra,1525.5
2021-02-17T00:00:00Z,BOKU,3095.3906703159996
2021-02-17T00:00:00Z,NMBU,1770.4000000000015
2021-02-17T00:00:00Z,Secobra,1526.2
2021-02-18T00:00:00Z,BOKU,3097.3812953159995
2021-02-18T00:00:00Z,NMBU,1770.4000000000015
2021-02-18T00:00:00Z,Secobra,1526.2
2021-02-19T00:00:00Z,BOKU,3097.3812953159995
2021-02-19T00:00:00Z,NMBU,1770.4000000000015
2021-02-19T00:00:00Z,Secobra,1527.3
2021-02-20T00:00:00Z,BOKU,3097.3812953159995
2021-02-20T00:00:00Z,NMBU,1770.4000000000015
2021-02-20T00:00:00Z,Secobra,1529.1
2021-02-21T00:00:00Z,BOKU,3097.3812953159995
2021-02-21T00:00:00Z,NMBU,1770.4000000000015
2021-02-21T00:00:00Z,Secobra,1529.1
2021-02-22T00:00:00Z,BOKU,3097.3812953159995
2021-02-22T00:00:00Z,NMBU,1770.4000000000015
2021-02-22T00:00:00Z,Secobra,1529.1
2021-02-23T00:00:00Z,BOKU,3099.1958786489995
2021-02-23T00:00:00Z,NMBU,1770.4000000000015
2021-02-23T00:00:00Z,Secobra,1530.1
2021-02-24T00:00:00Z,BOKU,3099.8875453159994
2021-02-24T00:00:00Z,NMBU,1770.4000000000015
2021-02-24T00:00:00Z,Secobra,1532.1999999999998
2021-02-25T00:00:00Z,BOKU,3100.1708786489994
2021-02-25T00:00:00Z,NMBU,1770.4000000000015
2021-02-25T00:00:00Z,Secobra,1535.1
2021-02-26T00:00:00Z,BOKU,3103.3625453159993
2021-02-26T00:00:00Z,NMBU,1770.4000000000015
2021-02-26T00:00:00Z,Secobra,1539
2021-02-27T00:00:00Z,BOKU,3103.4698369829994
2021-02-27T00:00:00Z,NMBU,1770.4000000000015
2021-02-27T00:00:00Z,Secobra,1539
2021-02-28T00:00:00Z,BOKU,3103.4698369829994
2021-02-28T00:00:00Z,NMBU,1770.4000000000015
2021-02-28T00:00:00Z,Secobra,1539
2021-03-01T00:00:00Z,BOKU,3103.4698369829994
2021-03-01T00:00:00Z,NMBU,1770.4000000000015
2021-03-01T00:00:00Z,Secobra,1539
2021-03-02T00:00:00Z,BOKU,3103.4698369829994
2021-03-02T00:00:00Z,NMBU,1770.4000000000015
2021-03-02T00:00:00Z,Secobra,1539
2021-03-03T00:00:00Z,BOKU,3103.4698369829994
2021-03-03T00:00:00Z,NMBU,1770.4000000000015
2021-03-03T00:00:00Z,Secobra,1539
2021-03-04T00:00:00Z,BOKU,3106.2490036499994
2021-03-04T00:00:00Z,NMBU,1770.4000000000015
2021-03-04T00:00:00Z,Secobra,1541
2021-03-05T00:00:00Z,BOKU,3106.2490036499994
2021-03-05T00:00:00Z,NMBU,1770.4000000000015
2021-03-05T00:00:00Z,Secobra,1541
2021-03-06T00:00:00Z,BOKU,3106.2490036499994
2021-03-06T00:00:00Z,NMBU,1770.4000000000015
2021-03-06T00:00:00Z,Secobra,1541
2021-03-07T00:00:00Z,BOKU,3106.2490036499994
2021-03-07T00:00:00Z,NMBU,1770.4000000000015
2021-03-07T00:00:00Z,Secobra,1541
2021-03-08T00:00:00Z,BOKU,3106.2490036499994
2021-03-08T00:00:00Z,NMBU,1770.4000000000015
2021-03-08T00:00:00Z,Secobra,1541
2021-03-09T00:00:00Z,BOKU,3106.2490036499994
2021-03-09T00:00:00Z,NMBU,1770.4000000000015
2021-03-09T00:00:00Z,Secobra,1541
2021-03-10T00:00:00Z,BOKU,3106.2490036499994
2021-03-10T00:00:00Z,NMBU,1770.4000000000015
2021-03-10T00:00:00Z,Secobra,1541
2021-03-11T00:00:00Z,BOKU,3106.2490036499994
2021-03-11T00:00:00Z,NMBU,1770.4000000000015
2021-03-11T00:00:00Z,Secobra,1543.3
2021-03-12T00:00:00Z,BOKU,3109.7094203169995
2021-03-12T00:00:00Z,NMBU,1770.4000000000015
2021-03-12T00:00:00Z,Secobra,1544.3
2021-03-13T00:00:00Z,BOKU,3113.0823369839995
2021-03-13T00:00:00Z,NMBU,1770.4000000000015
2021-03-13T00:00:00Z,Secobra,1546.3
2021-03-14T00:00:00Z,BOKU,3113.7312953169994
2021-03-14T00:00:00Z,NMBU,1770.4000000000015
2021-03-14T00:00:00Z,Secobra,1546.3
2021-03-15T00:00:00Z,BOKU,3113.7312953169994
2021-03-15T00:00:00Z,NMBU,1770.4000000000015
2021-03-15T00:00:00Z,Secobra,1546.3
2021-03-16T00:00:00Z,BOKU,3113.7312953169994
2021-03-16T00:00:00Z,NMBU,1770.4000000000015
2021-03-16T00:00:00Z,Secobra,1546.3
2021-03-17T00:00:00Z,BOKU,3113.7312953169994
2021-03-17T00:00:00Z,NMBU,1770.4000000000015
2021-03-17T00:00:00Z,Secobra,1546.3
2021-03-18T00:00:00Z,BOKU,3113.7312953169994
2021-03-18T00:00:00Z,NMBU,1770.4000000000015
2021-03-18T00:00:00Z,Secobra,1546.3
2021-03-19T00:00:00Z,BOKU,3113.7312953169994
2021-03-19T00:00:00Z,NMBU,1770.4000000000015
2021-03-19T00:00:00Z,Secobra,1546.3
2021-03-20T00:00:00Z,BOKU,3113.7312953169994
2021-03-20T00:00:00Z,NMBU,1770.4000000000015
2021-03-20T00:00:00Z,Secobra,1546.3
2021-03-21T00:00:00Z,BOKU,3113.7312953169994
2021-03-21T00:00:00Z,NMBU,1770.4000000000015
2021-03-21T00:00:00Z,Secobra,1546.3
2021-03-22T00:00:00Z,BOKU,3113.7312953169994
2021-03-22T00:00:00Z,NMBU,1770.4000000000015
2021-03-22T00:00:00Z,Secobra,1546.3
2021-03-23T00:00:00Z,BOKU,3113.7312953169994
2021-03-23T00:00:00Z,NMBU,1770.4000000000015
2021-03-23T00:00:00Z,Secobra,1546.3
2021-03-24T00:00:00Z,BOKU,3114.261503649999
2021-03-24T00:00:00Z,NMBU,1771.1000000000015
2021-03-24T00:00:00Z,Secobra,1546.3
2021-03-25T00:00:00Z,BOKU,3115.713586982999
2021-03-25T00:00:00Z,NMBU,1771.1000000000015
2021-03-25T00:00:00Z,Secobra,1548.8
2021-03-26T00:00:00Z,BOKU,3121.426086982999
2021-03-26T00:00:00Z,NMBU,1771.1000000000015
2021-03-26T00:00:00Z,Secobra,1552.6
2021-03-27T00:00:00Z,BOKU,3125.3490036499993
2021-03-27T00:00:00Z,NMBU,1771.1000000000015
2021-03-27T00:00:00Z,Secobra,1555.3
2021-03-28T00:00:00Z,BOKU,3129.5521286499993
2021-03-28T00:00:00Z,NMBU,1771.1000000000015
2021-03-28T00:00:00Z,Secobra,1557.6
2021-03-29T00:00:00Z,BOKU,3135.2427536499995
2021-03-29T00:00:00Z,NMBU,1773.2000000000014
2021-03-29T00:00:00Z,Secobra,1561.8999999999999
2021-03-30T00:00:00Z,BOKU,3146.4990036499994
2021-03-30T00:00:00Z,NMBU,1779.1000000000015
2021-03-30T00:00:00Z,Secobra,1567.6999999999998
2021-03-31T00:00:00Z,BOKU,3156.5635869799994
2021-03-31T00:00:00Z,NMBU,1779.9000000000015
2021-03-31T00:00:00Z,Secobra,1574.2999999999997
2021-04-01T00:00:00Z,BOKU,3167.2000453099995
2021-04-01T00:00:00Z,NMBU,1779.9000000000015
2021-04-01T00:00:00Z,Secobra,1582.7999999999997
2021-04-02T00:00:00Z,BOKU,3174.7406703099996
2021-04-02T00:00:00Z,NMBU,1779.9000000000015
2021-04-02T00:00:00Z,Secobra,1586.0999999999997
2021-04-03T00:00:00Z,BOKU,3176.6573369769994
2021-04-03T00:00:00Z,NMBU,1779.9000000000015
2021-04-03T00:00:00Z,Secobra,1586.0999999999997
2021-04-04T00:00:00Z,BOKU,3177.2646286439995
2021-04-04T00:00:00Z,NMBU,1779.9000000000015
2021-04-04T00:00:00Z,Secobra,1586.0999999999997
2021-04-05T00:00:00Z,BOKU,3180.6625453109996
2021-04-05T00:00:00Z,NMBU,1779.9000000000015
2021-04-05T00:00:00Z,Secobra,1586.1999999999996
2021-04-06T00:00:00Z,BOKU,3180.6625453109996
2021-04-06T00:00:00Z,NMBU,1779.9000000000015
2021-04-06T00:00:00Z,Secobra,1586.1999999999996
2021-04-07T00:00:00Z,BOKU,3180.6625453109996
2021-04-07T00:00:00Z,NMBU,1779.9000000000015
2021-04-07T00:00:00Z,Secobra,1586.1999999999996
2021-04-08T00:00:00Z,BOKU,3180.6625453109996
2021-04-08T00:00:00Z,NMBU,1779.9000000000015
2021-04-08T00:00:00Z,Secobra,1586.1999999999996
2021-04-09T00:00:00Z,BOKU,3182.3677536439995
2021-04-09T00:00:00Z,NMBU,1780.3000000000015
2021-04-09T00:00:00Z,Secobra,1587.6999999999996
2021-04-10T00:00:00Z,BOKU,3188.2406703139995
2021-04-10T00:00:00Z,NMBU,1780.3000000000015
2021-04-10T00:00:00Z,Secobra,1593.2999999999995
2021-04-11T00:00:00Z,BOKU,3196.2937953139995
2021-04-11T00:00:00Z,NMBU,1780.3000000000015
2021-04-11T00:00:00Z,Secobra,1600.3999999999994
2021-04-12T00:00:00Z,BOKU,3198.7344203139996
2021-04-12T00:00:00Z,NMBU,1780.3000000000015
2021-04-12T00:00:00Z,Secobra,1600.3999999999994
2021-04-13T00:00:00Z,BOKU,3198.7344203139996
2021-04-13T00:00:00Z,NMBU,1780.3000000000015
2021-04-13T00:00:00Z,Secobra,1600.3999999999994
2021-04-14T00:00:00Z,BOKU,3198.7917119809995
2021-04-14T00:00:00Z,NMBU,1780.3000000000015
2021-04-14T00:00:00Z,Secobra,1600.3999999999994
2021-04-15T00:00:00Z,BOKU,3198.7917119809995
2021-04-15T00:00:00Z,NMBU,1780.8000000000015
2021-04-15T00:00:00Z,Secobra,1600.3999999999994
2021-04-16T00:00:00Z,BOKU,3199.0375453139995
2021-04-16T00:00:00Z,NMBU,1781.7000000000016
2021-04-16T00:00:00Z,Secobra,1600.3999999999994
2021-04-17T00:00:00Z,BOKU,3200.6854619809997
2021-04-17T00:00:00Z,NMBU,1786.1000000000017
2021-04-17T00:00:00Z,Secobra,1600.3999999999994
2021-04-18T00:00:00Z,BOKU,3201.8219203139997
2021-04-18T00:00:00Z,NMBU,1790.3000000000018
2021-04-18T00:00:00Z,Secobra,1600.3999999999994
2021-04-19T00:00:00Z,BOKU,3203.8031703139995
2021-04-19T00:00:00Z,NMBU,1794.9000000000017
2021-04-19T00:00:00Z,Secobra,1601.6999999999994
2021-04-20T00:00:00Z,BOKU,3207.5604619809997
2021-04-20T00:00:00Z,NMBU,1798.3000000000018
2021-04-20T00:00:00Z,Secobra,1604.0999999999995
2021-04-21T00:00:00Z,BOKU,3213.4552536509996
2021-04-21T00:00:00Z,NMBU,1799.2000000000019
2021-04-21T00:00:00Z,Secobra,1607.4999999999995
2021-04-22T00:00:00Z,BOKU,3217.3187953179995
2021-04-22T00:00:00Z,NMBU,1800.2000000000019
2021-04-22T00:00:00Z,Secobra,1610.2999999999995
2021-04-23T00:00:00Z,BOKU,3221.9000453179997
2021-04-23T00:00:00Z,NMBU,1800.7000000000019
2021-04-23T00:00:00Z,Secobra,1612.4999999999995
2021-04-24T00:00:00Z,BOKU,3226.7594203179997
2021-04-24T00:00:00Z,NMBU,1800.7000000000019
2021-04-24T00:00:00Z,Secobra,1616.3999999999996
2021-04-25T00:00:00Z,BOKU,3231.3260869849996
2021-04-25T00:00:00Z,NMBU,1800.7000000000019
2021-04-25T00:00:00Z,Secobra,1620.2999999999997
2021-04-26T00:00:00Z,BOKU,3234.391711985
2021-04-26T00:00:00Z,NMBU,1800.7000000000019
2021-04-26T00:00:00Z,Secobra,1623.4999999999998
2021-04-27T00:00:00Z,BOKU,3237.721920318
2021-04-27T00:00:00Z,NMBU,1800.7000000000019
2021-04-27T00:00:00Z,Secobra,1627.9999999999998
2021-04-28T00:00:00Z,BOKU,3245.1740036479996
2021-04-28T00:00:00Z,NMBU,1800.900000000002
2021-04-28T00:00:00Z,Secobra,1634.3999999999999
2021-04-29T00:00:00Z,BOKU,3252.8260869779997
2021-04-29T00:00:00Z,NMBU,1801.0000000000018
2021-04-29T00:00:00Z,Secobra,1641.3999999999999
2021-04-30T00:00:00Z,BOKU,3262.9219203079997
2021-04-30T00:00:00Z,NMBU,1802.900000000002
2021-04-30T00:00:00Z,Secobra,1646.6
2021-05-01T00:00:00Z,BOKU,3273.0198369779996
2021-05-01T00:00:00Z,NMBU,1804.100000000002
2021-05-01T00:00:00Z,Secobra,1650.3999999999999
2021-05-02T00:00:00Z,BOKU,3278.272961978
2021-05-02T00:00:00Z,NMBU,1806.300000000002
2021-05-02T00:00:00Z,Secobra,1651.3999999999999
2021-05-03T00:00:00Z,BOKU,3282.628170311
2021-05-03T00:00:00Z,NMBU,1807.100000000002
2021-05-03T00:00:00Z,Secobra,1653.1999999999998
2021-05-04T00:00:00Z,BOKU,3290.086503641
2021-05-04T00:00:00Z,NMBU,1807.100000000002
2021-05-04T00:00:00Z,Secobra,1658.6
2021-05-05T00:00:00Z,BOKU,3296.312545311
2021-05-05T00:00:00Z,NMBU,1807.100000000002
2021-05-05T00:00:00Z,Secobra,1660.5
2021-05-06T00:00:00Z,BOKU,3301.533378641
2021-05-06T00:00:00Z,NMBU,1807.100000000002
2021-05-06T00:00:00Z,Secobra,1662.7
2021-05-07T00:00:00Z,BOKU,3307.404211971
2021-05-07T00:00:00Z,NMBU,1807.900000000002
2021-05-07T00:00:00Z,Secobra,1664.6000000000001
2021-05-08T00:00:00Z,BOKU,3313.0875453010003
2021-05-08T00:00:00Z,NMBU,1809.400000000002
2021-05-08T00:00:00Z,Secobra,1668.2
2021-05-09T00:00:00Z,BOKU,3323.2146286310003
2021-05-09T00:00:00Z,NMBU,1809.600000000002
2021-05-09T00:00:00Z,Secobra,1679.7
2021-05-10T00:00:00Z,BOKU,3338.8427536310005
2021-05-10T00:00:00Z,NMBU,1812.800000000002
2021-05-10T00:00:00Z,Secobra,1694.2
2021-05-11T00:00:00Z,BOKU,3355.9583786310004
2021-05-11T00:00:00Z,NMBU,1817.000000000002
2021-05-11T00:00:00Z,Secobra,1702.9
2021-05-12T00:00:00Z,BOKU,3364.8031703010006
2021-05-12T00:00:00Z,NMBU,1821.100000000002
2021-05-12T00:00:00Z,Secobra,1707.8000000000002
2021-05-13T00:00:00Z,BOKU,3370.6292119710006
2021-05-13T00:00:00Z,NMBU,1829.500000000002
2021-05-13T00:00:00Z,Secobra,1712.7000000000003
2021-05-14T00:00:00Z,BOKU,3377.7250453010006
2021-05-14T00:00:00Z,NMBU,1838.800000000002
2021-05-14T00:00:00Z,Secobra,1718.9000000000003
2021-05-15T00:00:00Z,BOKU,3385.2156703010005
2021-05-15T00:00:00Z,NMBU,1844.300000000002
2021-05-15T00:00:00Z,Secobra,1725.2000000000003
2021-05-16T00:00:00Z,BOKU,3394.7448369710005
2021-05-16T00:00:00Z,NMBU,1848.600000000002
2021-05-16T00:00:00Z,Secobra,1731.0000000000002
2021-05-17T00:00:00Z,BOKU,3400.9937953010003
2021-05-17T00:00:00Z,NMBU,1851.800000000002
2021-05-17T00:00:00Z,Secobra,1735.9000000000003
2021-05-18T00:00:00Z,BOKU,3407.7500453010002
2021-05-18T00:00:00Z,NMBU,1856.600000000002
2021-05-18T00:00:00Z,Secobra,1740.7000000000003
2021-05-19T00:00:00Z,BOKU,3414.213586971
2021-05-19T00:00:00Z,NMBU,1861.600000000002
2021-05-19T00:00:00Z,Secobra,1745.0000000000002
2021-05-20T00:00:00Z,BOKU,3421.362545301
2021-05-20T00:00:00Z,NMBU,1867.300000000002
2021-05-20T00:00:00Z,Secobra,1749.6000000000001
2021-05-21T00:00:00Z,BOKU,3430.660461971
2021-05-21T00:00:00Z,NMBU,1871.800000000002
2021-05-21T00:00:00Z,Secobra,1754.6000000000001
2021-05-22T00:00:00Z,BOKU,3437.887545301
2021-05-22T00:00:00Z,NMBU,1876.700000000002
2021-05-22T00:00:00Z,Secobra,1760.6000000000001
2021-05-23T00:00:00Z,BOKU,3443.297961971
2021-05-23T00:00:00Z,NMBU,1881.700000000002
2021-05-23T00:00:00Z,Secobra,1765.4
2021-05-24T00:00:00Z,BOKU,3448.861503641
2021-05-24T00:00:00Z,NMBU,1887.000000000002
2021-05-24T00:00:00Z,Secobra,1771.4
2021-05-25T00:00:00Z,BOKU,3454.574003641
2021-05-25T00:00:00Z,NMBU,1893.500000000002
2021-05-25T00:00:00Z,Secobra,1776.2
2021-05-26T00:00:00Z,BOKU,3463.056295311
2021-05-26T00:00:00Z,NMBU,1898.000000000002
2021-05-26T00:00:00Z,Secobra,1781.4
2021-05-27T00:00:00Z,BOKU,3470.566711981
2021-05-27T00:00:00Z,NMBU,1904.600000000002
2021-05-27T00:00:00Z,Secobra,1785.8000000000002
2021-05-28T00:00:00Z,BOKU,3478.282336981
2021-05-28T00:00:00Z,NMBU,1914.100000000002
2021-05-28T00:00:00Z,Secobra,1791.8000000000002
2021-05-29T00:00:00Z,BOKU,3486.4781703109998
2021-05-29T00:00:00Z,NMBU,1927.000000000002
2021-05-29T00:00:00Z,Secobra,1798.8000000000002
2021-05-30T00:00:00Z,BOKU,3492.4615036409996
2021-05-30T00:00:00Z,NMBU,1939.4000000000021
2021-05-30T00:00:00Z,Secobra,1805.0000000000002
2021-05-31T00:00:00Z,BOKU,3501.0490036409997
2021-05-31T00:00:00Z,NMBU,1950.000000000002
2021-05-31T00:00:00Z,Secobra,1811.4000000000003
2021-06-01T00:00:00Z,BOKU,3510.677128641
2021-06-01T00:00:00Z,NMBU,1962.500000000002
2021-06-01T00:00:00Z,Secobra,1820.0000000000002
2021-06-02T00:00:00Z,BOKU,3522.403170311
2021-06-02T00:00:00Z,NMBU,1974.600000000002
2021-06-02T00:00:00Z,Secobra,1831.1000000000001
2021-06-03T00:00:00Z,BOKU,3536.227128641
2021-06-03T00:00:00Z,NMBU,1987.800000000002
2021-06-03T00:00:00Z,Secobra,1844.4
2021-06-04T00:00:00Z,BOKU,3551.140670311
2021-06-04T00:00:00Z,NMBU,2000.900000000002
2021-06-04T00:00:00Z,Secobra,1858.2
2021-06-05T00:00:00Z,BOKU,3566.582336981
2021-06-05T00:00:00Z,NMBU,2014.600000000002
2021-06-05T00:00:00Z,Secobra,1871.4
2021-06-06T00:00:00Z,BOKU,3578.727128651
2021-06-06T00:00:00Z,NMBU,2027.800000000002
2021-06-06T00:00:00Z,Secobra,1881.6000000000001
2021-06-07T00:00:00Z,BOKU,3593.561503651
2021-06-07T00:00:00Z,NMBU,2038.500000000002
2021-06-07T00:00:00Z,Secobra,1894.8000000000002
2021-06-08T00:00:00Z,BOKU,3608.428170321
2021-06-08T00:00:00Z,NMBU,2048.800000000002
2021-06-08T00:00:00Z,Secobra,1908.2000000000003
2021-06-09T00:00:00Z,BOKU,3624.247961991
2021-06-09T00:00:00Z,NMBU,2058.500000000002
2021-06-09T00:00:00Z,Secobra,1920.2000000000003
2021-06-10T00:00:00Z,BOKU,3640.406295321
2021-06-10T00:00:00Z,NMBU,2069.800000000002
2021-06-10T00:00:00Z,Secobra,1932.7000000000003
2021-06-11T00:00:00Z,BOKU,3653.541711991
2021-06-11T00:00:00Z,NMBU,2081.000000000002
2021-06-11T00:00:00Z,Secobra,1946.3000000000002
2021-06-12T00:00:00Z,BOKU,3668.129211991
2021-06-12T00:00:00Z,NMBU,2092.400000000002
2021-06-12T00:00:00Z,Secobra,1961.6000000000001
2021-06-13T00:00:00Z,BOKU,3680.949003661
2021-06-13T00:00:00Z,NMBU,2103.1000000000017
2021-06-13T00:00:00Z,Secobra,1973.6000000000001
2021-06-14T00:00:00Z,BOKU,3693.311503661
2021-06-14T00:00:00Z,NMBU,2112.7000000000016
2021-06-14T00:00:00Z,Secobra,1985.2
2021-06-15T00:00:00Z,BOKU,3707.016711991
2021-06-15T00:00:00Z,NMBU,2122.9000000000015
2021-06-15T00:00:00Z,Secobra,1999
2021-06-16T00:00:00Z,BOKU,3723.706295321
2021-06-16T00:00:00Z,NMBU,2131.3000000000015
2021-06-16T00:00:00Z,Secobra,2015
2021-06-17T00:00:00Z,BOKU,3742.378170321
2021-06-17T00:00:00Z,NMBU,2143.8000000000015
2021-06-17T00:00:00Z,Secobra,2032.2
2021-06-18T00:00:00Z,BOKU,3762.6490036510004
2021-06-18T00:00:00Z,NMBU,2156.8000000000015
2021-06-18T00:00:00Z,Secobra,2050.5
2021-06-19T00:00:00Z,BOKU,3783.2187953210005
2021-06-19T00:00:00Z,NMBU,2169.4000000000015
2021-06-19T00:00:00Z,Secobra,2069.1
2021-06-20T00:00:00Z,BOKU,3804.5198369910004
2021-06-20T00:00:00Z,NMBU,2179.2000000000016
2021-06-20T00:00:00Z,Secobra,2087
2021-06-21T00:00:00Z,BOKU,3825.6969203210006
2021-06-21T00:00:00Z,NMBU,2188.1000000000017
2021-06-21T00:00:00Z,Secobra,2103.9
2021-06-22T00:00:00Z,BOKU,3844.5656703210007
2021-06-22T00:00:00Z,NMBU,2196.8000000000015
2021-06-22T00:00:00Z,Secobra,2118.9
2021-06-23T00:00:00Z,BOKU,3862.9156703210006
2021-06-23T00:00:00Z,NMBU,2208.0000000000014
2021-06-23T00:00:00Z,Secobra,2133.2000000000003
2021-06-24T00:00:00Z,BOKU,3880.5729619910007
2021-06-24T00:00:00Z,NMBU,2218.6000000000013
2021-06-24T00:00:00Z,Secobra,2145.7000000000003
2021-06-25T00:00:00Z,BOKU,3895.421920321001
2021-06-25T00:00:00Z,NMBU,2228.700000000001
2021-06-25T00:00:00Z,Secobra,2157.0000000000005
2021-06-26T00:00:00Z,BOKU,3910.501086991001
2021-06-26T00:00:00Z,NMBU,2240.300000000001
2021-06-26T00:00:00Z,Secobra,2169.7000000000003
2021-06-27T00:00:00Z,BOKU,3927.2854619910013
2021-06-27T00:00:00Z,NMBU,2250.1000000000013
2021-06-27T00:00:00Z,Secobra,2184.5000000000005
2021-06-28T00:00:00Z,BOKU,3946.2104619910015
2021-06-28T00:00:00Z,NMBU,2260.5000000000014
2021-06-28T00:00:00Z,Secobra,2201.4000000000005
2021-06-29T00:00:00Z,BOKU,3964.9115036610015
2021-06-29T00:00:00Z,NMBU,2271.3000000000015
2021-06-29T00:00:00Z,Secobra,2214.3000000000006
2021-06-30T00:00:00Z,BOKU,3978.5490036610013
2021-06-30T00:00:00Z,NMBU,2283.9000000000015
2021-06-30T00:00:00Z,Secobra,2224.100000000001
2021-07-01T00:00:00Z,BOKU,3991.0187953310015
2021-07-01T00:00:00Z,NMBU,2296.1000000000013
2021-07-01T00:00:00Z,Secobra,2232.900000000001
2021-07-02T00:00:00Z,BOKU,4001.8990036610016
2021-07-02T00:00:00Z,NMBU,2312.0000000000014
2021-07-02T00:00:00Z,Secobra,2243.700000000001
2021-07-03T00:00:00Z,BOKU,4016.5635869910016
2021-07-03T00:00:00Z,NMBU,2328.9000000000015
2021-07-03T00:00:00Z,Secobra,2256.300000000001
2021-07-04T00:00:00Z,BOKU,4031.6927536610015
2021-07-04T00:00:00Z,NMBU,2344.2000000000016
2021-07-04T00:00:00Z,Secobra,2269.000000000001
2021-07-05T00:00:00Z,BOKU,4047.4615036610016
2021-07-05T00:00:00Z,NMBU,2358.7000000000016
2021-07-05T00:00:00Z,Secobra,2281.400000000001
2021-07-06T00:00:00Z,BOKU,4066.775045331002
2021-07-06T00:00:00Z,NMBU,2371.6000000000017
2021-07-06T00:00:00Z,Secobra,2296.600000000001
2021-07-07T00:00:00Z,BOKU,4085.5375453310016
2021-07-07T00:00:00Z,NMBU,2383.900000000002
2021-07-07T00:00:00Z,Secobra,2309.500000000001
2021-07-08T00:00:00Z,BOKU,4105.161503661002
2021-07-08T00:00:00Z,NMBU,2396.1000000000017
2021-07-08T00:00:00Z,Secobra,2321.7000000000007
2021-07-09T00:00:00Z,BOKU,4120.062545331002
2021-07-09T00:00:00Z,NMBU,2408.6000000000017
2021-07-09T00:00:00Z,Secobra,2332.3000000000006
2021-07-10T00:00:00Z,BOKU,4135.932337001002
2021-07-10T00:00:00Z,NMBU,2419.2000000000016
2021-07-10T00:00:00Z,Secobra,2344.3000000000006
2021-07-11T00:00:00Z,BOKU,4149.530253671002
2021-07-11T00:00:00Z,NMBU,2431.8000000000015
2021-07-11T00:00:00Z,Secobra,2355.0000000000005
2021-07-12T00:00:00Z,BOKU,4165.488587001002
2021-07-12T00:00:00Z,NMBU,2445.1000000000017
2021-07-12T00:00:00Z,Secobra,2368.0000000000005
2021-07-13T00:00:00Z,BOKU,4184.671920331002
2021-07-13T00:00:00Z,NMBU,2460.400000000002
2021-07-13T00:00:00Z,Secobra,2379.5000000000005
2021-07-14T00:00:00Z,BOKU,4199.537545331003
2021-07-14T00:00:00Z,NMBU,2476.6000000000017
2021-07-14T00:00:00Z,Secobra,2390.1000000000004
2021-07-15T00:00:00Z,BOKU,4215.171920331002
2021-07-15T00:00:00Z,NMBU,2493.900000000002
2021-07-15T00:00:00Z,Secobra,2401.0000000000005
2021-07-16T00:00:00Z,BOKU,4231.949003661002
2021-07-16T00:00:00Z,NMBU,2510.200000000002
2021-07-16T00:00:00Z,Secobra,2414.0000000000005
2021-07-17T00:00:00Z,BOKU,4246.762545331002
2021-07-17T00:00:00Z,NMBU,2526.100000000002
2021-07-17T00:00:00Z,Secobra,2428.0000000000005
2021-07-18T00:00:00Z,BOKU,4260.345878661002
2021-07-18T00:00:00Z,NMBU,2540.100000000002
2021-07-18T00:00:00Z,Secobra,2442.8000000000006
2021-07-19T00:00:00Z,BOKU,4276.303170331002
2021-07-19T00:00:00Z,NMBU,2551.5000000000023
2021-07-19T00:00:00Z,Secobra,2457.2000000000007
2021-07-20T00:00:00Z,BOKU,4290.158378661002
2021-07-20T00:00:00Z,NMBU,2565.100000000002
2021-07-20T00:00:00Z,Secobra,2469.9000000000005
2021-07-21T00:00:00Z,BOKU,4303.458378661002
2021-07-21T00:00:00Z,NMBU,2578.0000000000023
2021-07-21T00:00:00Z,Secobra,2482.8000000000006
2021-07-22T00:00:00Z,BOKU,4317.229211991002
2021-07-22T00:00:00Z,NMBU,2592.600000000002
2021-07-22T00:00:00Z,Secobra,2496.4000000000005
2021-07-23T00:00:00Z,BOKU,4331.994836991002
2021-07-23T00:00:00Z,NMBU,2606.9000000000024
2021-07-23T00:00:00Z,Secobra,2511.8000000000006
2021-07-24T00:00:00Z,BOKU,4349.755253661002
2021-07-24T00:00:00Z,NMBU,2622.100000000002
2021-07-24T00:00:00Z,Secobra,2526.2000000000007
2021-07-25T00:00:00Z,BOKU,4366.704211991002
2021-07-25T00:00:00Z,NMBU,2638.200000000002
2021-07-25T00:00:00Z,Secobra,2538.9000000000005
2021-07-26T00:00:00Z,BOKU,4383.828170321002
2021-07-26T00:00:00Z,NMBU,2653.900000000002
2021-07-26T00:00:00Z,Secobra,2553.1000000000004
2021-07-27T00:00:00Z,BOKU,4401.817753651002
2021-07-27T00:00:00Z,NMBU,2666.300000000002
2021-07-27T00:00:00Z,Secobra,2567.5000000000005
2021-07-28T00:00:00Z,BOKU,4418.985461981002
2021-07-28T00:00:00Z,NMBU,2679.500000000002
2021-07-28T00:00:00Z,Secobra,2580.4000000000005
2021-07-29T00:00:00Z,BOKU,4435.321920311002
2021-07-29T00:00:00Z,NMBU,2689.300000000002
2021-07-29T00:00:00Z,Secobra,2594.2000000000007
2021-07-30T00:00:00Z,BOKU,4452.5698369810025
2021-07-30T00:00:00Z,NMBU,2702.300000000002
2021-07-30T00:00:00Z,Secobra,2609.500000000001
2021-07-31T00:00:00Z,BOKU,4469.505253651003
2021-07-31T00:00:00Z,NMBU,2713.900000000002
2021-07-31T00:00:00Z,Secobra,2624.400000000001
2021-08-01T00:00:00Z,BOKU,4482.228170321003
2021-08-01T00:00:00Z,NMBU,2723.400000000002
2021-08-01T00:00:00Z,Secobra,2634.300000000001
2021-08-02T00:00:00Z,BOKU,4495.606295321003
2021-08-02T00:00:00Z,NMBU,2732.400000000002
2021-08-02T00:00:00Z,Secobra,2645.1000000000013
2021-08-03T00:00:00Z,BOKU,4509.333378651003
2021-08-03T00:00:00Z,NMBU,2740.1000000000017
2021-08-03T00:00:00Z,Secobra,2656.4000000000015
2021-08-04T00:00:00Z,BOKU,4522.542753651003
2021-08-04T00:00:00Z,NMBU,2750.2000000000016
2021-08-04T00:00:00Z,Secobra,2666.3000000000015
2021-08-05T00:00:00Z,BOKU,4533.294836981003
2021-08-05T00:00:00Z,NMBU,2760.7000000000016
2021-08-05T00:00:00Z,Secobra,2677.0000000000014
2021-08-06T00:00:00Z,BOKU,4545.995878651003
2021-08-06T00:00:00Z,NMBU,2771.2000000000016
2021-08-06T00:00:00Z,Secobra,2688.700000000001
2021-08-07T00:00:00Z,BOKU,4561.652128651003
2021-08-07T00:00:00Z,NMBU,2782.6000000000017
2021-08-07T00:00:00Z,Secobra,2700.300000000001
2021-08-08T00:00:00Z,BOKU,4575.017753651004
2021-08-08T00:00:00Z,NMBU,2794.400000000002
2021-08-08T00:00:00Z,Secobra,2711.300000000001
2021-08-09T00:00:00Z,BOKU,4588.856295321004
2021-08-09T00:00:00Z,NMBU,2804.900000000002
2021-08-09T00:00:00Z,Secobra,2723.200000000001
2021-08-10T00:00:00Z,BOKU,4605.4833786510035
2021-08-10T00:00:00Z,NMBU,2817.1000000000017
2021-08-10T00:00:00Z,Secobra,2737.300000000001
2021-08-11T00:00:00Z,BOKU,4621.474003651004
2021-08-11T00:00:00Z,NMBU,2828.8000000000015
2021-08-11T00:00:00Z,Secobra,2752.6000000000013
2021-08-12T00:00:00Z,BOKU,4637.395878651004
2021-08-12T00:00:00Z,NMBU,2840.7000000000016
2021-08-12T00:00:00Z,Secobra,2768.6000000000013
2021-08-13T00:00:00Z,BOKU,4654.841711981004
2021-08-13T00:00:00Z,NMBU,2852.2000000000016
2021-08-13T00:00:00Z,Secobra,2786.6000000000013
2021-08-14T00:00:00Z,BOKU,4673.600045311004
2021-08-14T00:00:00Z,NMBU,2861.6000000000017
2021-08-14T00:00:00Z,Secobra,2804.5000000000014
2021-08-15T00:00:00Z,BOKU,4692.285461981004
2021-08-15T00:00:00Z,NMBU,2871.500000000002
2021-08-15T00:00:00Z,Secobra,2821.200000000001
2021-08-16T00:00:00Z,BOKU,4708.256295311004
2021-08-16T00:00:00Z,NMBU,2880.400000000002
2021-08-17T00:00:00Z,BOKU,4719.882336981003
2021-08-17T00:00:00Z,NMBU,2891.300000000002
2021-08-18T00:00:00Z,BOKU,4730.729211981004
2021-08-18T00:00:00Z,NMBU,2901.300000000002
2021-08-19T00:00:00Z,BOKU,4743.697961981004
2021-08-19T00:00:00Z,NMBU,2910.100000000002
2021-08-20T00:00:00Z,BOKU,4757.132336981003
2021-08-20T00:00:00Z,NMBU,2918.700000000002
2021-08-21T00:00:00Z,BOKU,4771.075045311003
2021-08-21T00:00:00Z,NMBU,2927.5000000000023
2021-08-22T00:00:00Z,BOKU,4784.895878641003
2021-08-22T00:00:00Z,NMBU,2936.600000000002
2021-08-23T00:00:00Z,BOKU,4797.844836971003
2021-08-23T00:00:00Z,NMBU,2946.200000000002
2021-08-24T00:00:00Z,BOKU,4808.578170301003
2021-08-24T00:00:00Z,NMBU,2957.0000000000023
2021-08-25T00:00:00Z,BOKU,4818.106295301003
2021-08-25T00:00:00Z,NMBU,2970.100000000002
2021-08-26T00:00:00Z,BOKU,4826.752128631003
2021-08-26T00:00:00Z,NMBU,2979.0000000000023
2021-08-27T00:00:00Z,BOKU,4835.462545301003
2021-08-27T00:00:00Z,NMBU,2988.4000000000024
2021-08-28T00:00:00Z,BOKU,4844.446920301003
2021-08-28T00:00:00Z,NMBU,2999.7000000000025
2021-08-29T00:00:00Z,BOKU,4852.855253631003
2021-08-29T00:00:00Z,NMBU,3011.2000000000025
2021-08-30T00:00:00Z,BOKU,4862.9104619610025
2021-08-30T00:00:00Z,NMBU,3022.5000000000027
2021-08-31T00:00:00Z,BOKU,4873.093795291003
2021-08-31T00:00:00Z,NMBU,3033.1000000000026
2021-09-01T00:00:00Z,BOKU,4884.360461961002
