Env,GID,trait.AUDPC,trait.Angle,trait.GDD50,trait.FHB_1
BOKU,TS001,3858.9500522613525,0.9584899859949019,-44.793129317899,11.438886054267641
BOKU,TS002,2707.511185319163,-0.5676781257081984,-27.525499191280687,19.99328582515227
BOKU,TS003,1728.974395396188,0.3652705876249911,-12.82181323194527,8.500672242298606
BOKU,TS004,6194.436555143446,1.2190111853647068,-45.28245461542974,23.27090749002673
BOKU,TS005,-1292.7574864067137,-0.7507822942161511,28.377050366660114,-11.17518929227299
BOKU,TS006,4147.1192648923025,1.4752813016882556,-37.7391431259166,22.557560547124012
BOKU,TS007,-6010.303687355481,-0.7121135215029426,73.70389079654706,-37.39702979076537
BOKU,TS008,7442.384107656777,1.6662086201006332,-68.67233650269918,27.866387245088845
BOKU,TS009,-2043.385960701853,-0.0706764454050699,24.472865800722502,-8.151689783699112
BOKU,TS010,-3360.7977360831574,0.33872048209332206,39.83070832453086,-15.513098297502438
BOKU,TS011,-290.9508501626551,1.0714341404232073,-6.19052502445993,4.56180921493069
BOKU,TS012,-288.3340868568048,0.4503954459069064,-1.1830985000124201,-4.110960945086845
BOKU,TS013,2414.5650577368215,2.104612167679079,-29.465122156543657,14.00300075170162
BOKU,TS014,5442.146775545552,0.6204650230922653,-58.41068259393796,23.056559086046036
BOKU,TS015,3065.4832920012996,1.1850174578198676,-28.447357963450486,23.03681230358052
BOKU,TS016,-4403.934351505712,-1.794823913768596,49.94468637587852,-17.855319253892958
BOKU,TS017,-1969.7284528343007,-0.04698612615493403,22.296227092738263,-9.207287633038504
BOKU,TS018,-2829.136829539202,-0.6080425318455127,37.8053794860607,-7.698174708788429
BOKU,TS019,-4886.9453110406175,-1.4809994334705152,74.35084098301013,-29.110812029844965
BOKU,TS020,-5614.838278361596,-1.327683034906613,88.42441450606566,-34.38510557240079
BOKU,TS021,1385.681917537935,0.4423493242127279,-3.7440051843295805,4.585686624282971
BOKU,TS022,3602.4098010165617,1.0922499644182153,-36.217293595924275,16.12510828685845
BOKU,TS023,550.277404946275,0.3143508510045194,-8.1106937057338655,8.327541858510813
BOKU,TS024,964.118971769698,-0.47700682274148676,2.822448901919415,12.419682110430585
BOKU,TS025,2678.7540172254667,1.5376233932968262,-29.829533207113855,21.91086941636604
BOKU,TS026,-1083.3484883373603,0.6656750734282468,2.259902148449328,-3.452821079252317
BOKU,TS027,4340.046731187962,-0.1663592974682615,-46.0288291227771,20.66889927259399
BOKU,TS028,8752.37669272162,1.2813360297147938,-76.53823368393932,26.819862590607954
BOKU,TS029,-3345.915162127465,-1.2720882636995157,28.759463829628658,-16.032490314697498
BOKU,TS030,705.4383782334626,0.3537491389349725,-14.485616668825969,2.6788841015222715
BOKU,TS031,-5991.940200286917,0.22535960369714303,43.47055196980364,-40.9616092565775
BOKU,TS032,-6396.569559227675,-2.436170658852916,95.50386466222699,-36.55649727308628
BOKU,TS033,-4532.3702662093565,0.25291712490593454,23.581271931703668,-24.795109734081052
BOKU,TS034,-4330.960387672298,-0.7865253704435418,25.81944281674805,-10.969041739885142
BOKU,TS035,-4248.515514218248,-0.21703929134719147,30.027767259947723,-10.233769294100057
BOKU,TS036,-1173.3438771488145,-0.9132702586789492,13.634803186549107,-1.1147094879561337
BOKU,TS037,-3837.654519714415,0.10833614791977197,18.720264795265393,-16.69322871388067
BOKU,TS038,1055.902276430279,1.4639162484804729,-18.32413656573044,12.493152463583101
BOKU,TS039,-1578.3027820410207,2.214767495312117,-8.513508712261682,-1.973732105896488
BOKU,TS040,-4355.925095522776,0.7943570561642446,36.1182558327273,-31.22139593855536
BOKU,TS041,-2071.574867969379,1.167888109346677,7.923902354232268,-2.7824870889053273
BOKU,TS042,-4815.301231566817,-1.6033083522675042,43.6394763024,-32.64808501927473
BOKU,TS043,-2997.371736438945,1.436499952130589,9.039092454389902,-14.651077085545694
BOKU,TS044,-4028.0220427690074,-0.8087014541615645,62.91790681707789,-22.978945638173172
BOKU,TS045,-6357.650507399812,-0.527635836312129,67.29654344089795,-41.50881909253803
BOKU,TS046,-8183.195410660468,-3.198883571522856,85.53505772151402,-43.50929639715832
BOKU,TS047,-7432.604915755801,-2.904439130249557,96.40996803925373,-46.06168338565476
BOKU,TS048,-4370.493467084132,0.06747088687961877,46.31371084298007,-32.74681642165524
BOKU,TS049,-7260.493572361767,-2.446475185059171,81.63909193169093,-41.099014370163786
BOKU,TS050,-5286.853746858425,0.6967808235863231,38.193577693775296,-38.49074975678741
BOKU,TS051,-6090.426209992729,-1.435099154721911,63.10978540102951,-35.75056885279628
BOKU,TS052,-1288.6582587044686,1.3407328203059024,1.7134792425495107,-2.9524786218098598
BOKU,TS053,-3711.08761990536,-0.19690673057539243,18.547069840074982,-9.435188729730726
BOKU,TS054,-3668.236836911179,-1.0468741175309333,31.637881877977634,-7.356343648942129
BOKU,TS055,-7381.69270040933,-2.2963411588941653,119.19853858067654,-41.924188528875675
BOKU,TS056,-2144.8759251292795,-1.078114207422459,-0.49929925610194914,-13.618795503803995
BOKU,TS057,-6295.4968397198245,-2.3717751994879563,63.0361466028844,-33.22329898492535
BOKU,TS058,-4736.923381493427,-0.7585732192799242,42.815971510630334,-31.685183765646798
BOKU,TS059,1363.196605737321,0.438654059057626,-19.62166605720995,8.594487144997402
BOKU,TS060,-5960.841463193297,-2.4306149908964017,63.370351308374666,-25.319083032329218
BOKU,TS061,-5065.899845133536,-0.7159394564293962,39.17857836020994,-28.648696608688624
BOKU,TS062,-5515.339023186825,-1.3556152296553137,60.440111504722154,-30.96211410144315
BOKU,TS063,3973.1349672097713,1.8818891791624992,-41.279361687775236,21.56012870847553
BOKU,TS064,-420.41233719326556,1.2836467324905243,-7.322220764588565,5.419432058995881
BOKU,TS065,-1704.0748570803553,1.9339250932091545,8.929817579104565,-7.050816546066926
BOKU,TS066,-3797.660913195461,0.2877655212071204,12.348166691197548,-17.607679269647633
BOKU,TS067,-2219.2709833597764,0.47545303278934625,0.8385035533283371,-6.771752836677479
BOKU,TS068,4024.2201572610065,1.9116920554661192,-44.982256780873286,25.047836881505646
BOKU,TS069,-2048.7293796502054,1.0454704701214723,-7.34457425842993,-9.853432399904705
BOKU,TS070,-978.0794638423249,0.7578417144009109,-5.493452367372811,-0.11204685940538184
BOKU,TS071,-4077.3273782040924,0.5773600700351835,29.414249494759133,-20.642667092910415
BOKU,TS072,320.0966167971492,0.7941262682832075,0.5260082167224027,3.071691410499625
BOKU,TS073,-8636.301221839152,-4.307644628035405,78.70381274816464,-49.57877818998895
BOKU,TS074,-5412.809736752883,-2.0618106608426388,55.75070536707062,-28.15565793904898
BOKU,TS075,-4781.737466284074,0.4923612648517519,25.372735359560465,-23.237106710726948
BOKU,TS076,-7041.377647088841,-3.153789861522455,84.61010721267667,-43.25967054573266
BOKU,TS077,-4991.155910809524,-3.914211042210127,67.89555969310459,-15.414010535205307
BOKU,TS078,-5361.971083377488,-1.773800435492376,88.24573590056389,-37.449145751994365
BOKU,TS079,-8609.209365534596,-3.605004735809416,92.83930067601614,-46.53078707688837
BOKU,TS080,-1339.610598064959,-0.6655274865261163,16.054525469371583,-2.2145748756665853
BOKU,TS081,-444.29431912396103,0.7900864905113849,-2.457954318873817,4.582600035399082
BOKU,TS082,1450.6098859012127,0.6831267038508031,-18.297959792631445,2.0420258769081556
BOKU,TS083,-418.40444850735366,0.32157050895898465,6.914170654723421,1.3992303403101687
BOKU,TS084,4637.693439320661,1.2091410804678162,-42.90021487721242,22.42137342735805
BOKU,TS085,6396.862789971754,1.8679940663384969,-59.6301340162463,22.673672417691705
BOKU,TS086,-2395.606142337434,-0.018934203481194345,17.210077668860322,-5.882019629916613
BOKU,TS087,-939.534403136,-1.9750310925608119,-0.6358523005619645,-2.3801776156142296
BOKU,TS088,-1721.1910200547427,0.41305445953344133,13.14974281960167,-4.324271254103223
BOKU,TS089,-1936.0765455141664,0.21252756665853667,13.60398869367782,-4.292569391309371
BOKU,TS090,-2751.415081344545,-1.0292030454791075,41.50673473617644,-11.785648040153319
BOKU,TS091,-3525.89806035161,-1.424422808221152,38.967151954071596,-17.488045903897728
BOKU,TS092,2429.5101470304653,2.3972235528667625,-24.799121984047815,22.20106931621922
BOKU,TS093,949.0816731471568,-0.022692008335070568,2.4651693417108618,3.0059259735644446
BOKU,TS094,2916.145606916398,0.6342757579457157,-35.53511364094447,17.23458522254805
BOKU,TS095,1173.0638299658895,-0.3898605652477727,-8.618355084501673,3.5954075555346208
BOKU,TS096,-2783.137389712967,0.5396339736266782,27.277514659421286,-15.186677843186771
BOKU,TS097,4324.966296219267,0.8339642047117195,-21.828857710264856,9.544307444553851
BOKU,TS098,4926.512841312215,0.8175552907011934,-52.294594693143154,20.171589460584073
BOKU,TS099,1084.0525680119172,0.7949975303004067,-18.883180398814147,13.657580628398136
BOKU,TS100,-5311.375934121199,-1.9259857850149729,76.9658407320967,-27.648206212350487
BOKU,TS101,-3269.0274603227153,-1.2999157622309667,37.521517236571526,-10.780706279198057
BOKU,TS102,5688.488582635298,1.2162436569662987,-36.08356154698413,13.487820668233326
BOKU,TS103,1487.4354862459004,-0.0012102793714348081,-10.738166724098846,8.23584211848356
BOKU,TS104,1303.9004250084981,1.0050164019330623,-23.27642377858865,13.889548933741025
BOKU,TS105,421.8661338845268,1.2835628555933454,-13.438378421473317,14.416626546211774
BOKU,TS106,2583.294672558084,0.6605761855962555,-23.189019947574707,17.5486745016824
BOKU,TS107,-141.48618372809142,0.32172550303289427,-10.211410574411275,1.6040847884360119
BOKU,TS108,1659.1644868636504,-0.16009342318056952,-20.44391906709643,17.048025900963694
BOKU,TS109,-3841.724649729207,-0.9264891151378833,35.24001500438317,-22.417035825932544
BOKU,TS110,-1880.852320868522,-0.6407425478764708,17.98256386371213,-6.8902089108814835
BOKU,TS111,-2229.0886557567865,0.2767817596406985,24.922080727905268,-13.37287489802111
BOKU,TS112,-55.86422664113343,-0.10921955538219663,-1.8496256718644872,3.674344845901942
BOKU,TS113,8354.556046714075,2.204869957669871,-67.86894458183087,32.283861743337184
BOKU,TS114,6152.879481353797,0.6839123153908986,-57.11619883668027,21.869773953803815
BOKU,TS115,636.1157789863646,0.8792460963534268,-11.15157002946944,8.921862791070453
BOKU,TS116,4872.233110397123,0.7781491312907747,-47.26106557491585,23.534834256366594
BOKU,TS117,3995.157764548436,1.0424421769239416,-31.236995582235977,11.088527853789856
BOKU,TS118,4347.952417626977,1.6611132934851867,-47.189228211762384,21.996657578409213
BOKU,TS119,-1839.6502505810931,-0.6756203176564668,1.4000279764877632,-6.149569415945734
BOKU,TS120,1827.412924571894,-0.1508220898899708,-17.33061401345185,17.273873396065028
BOKU,TS121,2810.2793263113126,2.097081093672159,-28.28926768997917,20.602011174727522
BOKU,TS122,983.1343072801828,0.8391602168119334,-15.34484052535845,9.736562667512771
BOKU,TS123,-1502.281575217843,0.24995550604148775,15.579501620668452,-14.357799452947802
BOKU,TS124,6510.144470776431,0.7570537852143389,-63.07498126770952,24.274435075371002
BOKU,TS125,2056.3628821074963,0.5532246306561319,-22.011950756481383,11.531118237078772
BOKU,TS126,1007.4343098532408,0.23572086638205292,-8.869490280747414,15.894113588419714
BOKU,TS127,1732.4490910703316,0.7643796279048729,-22.748166589153698,8.300317008754064
BOKU,TS128,3888.7540092738345,0.552616927124518,-28.51308193159639,16.650526878067467
BOKU,TS129,1998.698751299642,0.09526489401923754,-31.333275728829904,7.024695407209947
BOKU,TS130,1792.2261023148894,-0.23162115518812243,-20.47085808456177,8.547223423214746
BOKU,TS131,-2782.8153180256486,-0.19071186999349266,22.967036872694734,-10.320075687755889
BOKU,TS132,3653.488557115197,1.155679224895266,-29.816805646725697,22.857894976932585
BOKU,TS133,-4969.9160651871935,-1.2711657592606116,42.50001623068238,-20.632435692652507
BOKU,TS134,2290.6874866448343,-0.34851738406314325,-20.495499807962915,10.500989097257843
BOKU,TS135,5546.760952332988,0.442403950433345,-50.462565775291296,19.44960750986138
BOKU,TS136,2461.0575348418206,0.8798745637291177,-29.985237289220095,18.441588187852176
BOKU,TS137,10826.629763755016,1.6614506748735494,-100.58969318986055,32.48230066886026
BOKU,TS138,-1181.9046901511028,0.4951641747461508,3.1678838602965698,-1.0856837937462842
BOKU,TS139,3579.2869229437783,-0.18144264336501692,-32.5984714771912,14.769514062802045
BOKU,TS140,-745.13740746025,-0.04050529231426481,-2.429576991358772,2.8623150235653156
BOKU,TS141,2031.1585046947002,1.249448607381737,-21.56766565403086,17.02569165283785
BOKU,TS142,3533.832335134037,-0.37282346609390515,-42.22012755944161,14.879725357335701
BOKU,TS143,8453.11843456328,1.6031584560339525,-76.7199478248076,35.47214045442888
BOKU,TS144,-1138.3474016822875,-1.1040164717826428,26.403321035468252,-0.5288423230158514
BOKU,TS145,-643.1292020315304,1.1965179057731348,7.778892934467876,-5.0627064839572995
BOKU,TS146,-106.56247299071401,0.6122497334395121,13.143646429263754,0.02491267063669511
BOKU,TS147,-1956.618530999869,-0.3834018991692574,11.59796088829171,-2.8019264946051408
BOKU,TS148,-3450.861283287406,-1.0667193483895971,29.587380804674467,-15.887059277742082
BOKU,TS149,-1470.0465051764622,-1.5234626039964496,9.767963922728086,-4.352473737901164
BOKU,TS150,2467.2796169556677,0.24502193262469518,-23.75586263887817,10.1916498097562
BOKU,TS151,-2577.832081041299,-0.7315900035853247,21.662960774905514,-13.315713212290575
BOKU,TS152,5166.061932981014,0.45182404177216995,-38.441756595653715,19.09929837573145
BOKU,TS153,875.4157465109602,0.36316398406461303,-8.680579923413461,12.785201697890443
BOKU,TS154,2081.2237295135856,1.6045643971929167,-25.11239340447355,14.022727057865268
BOKU,TS155,-321.9320788439363,-0.703758456019159,2.8089981325902045,4.041110196765658
BOKU,TS156,1787.7410701261833,1.1085024319031618,-28.75476156111108,11.768644533647603
BOKU,TS157,-868.3314172700047,-0.009734309967143417,0.27565931901335716,0.8240234614095243
BOKU,TS158,2880.5875878799707,1.4275396799348528,-21.280941771983635,22.86930863132511
BOKU,TS159,1332.6312362421304,0.20283400763287318,-8.626673755905358,8.238212690186629
BOKU,TS160,3026.1322117391974,0.6353941214551924,-41.6731055782584,12.294414016203518
BOKU,TS161,7493.326844693162,1.744346547969144,-69.27621714104316,32.147510343689646
BOKU,TS162,-405.8700820086524,0.5015220181664972,-13.028791403979994,-2.6538988741995126
BOKU,TS163,3058.9970422014594,1.3442121184855296,-27.543227713467786,18.977354806898802
BOKU,TS164,3517.7237413506955,0.39111413753630586,-34.16472115388024,19.869703660599043
BOKU,TS165,786.8768434170634,0.18365448288932384,-17.42382620970602,11.555473955395428
BOKU,TS166,-4605.8083854028955,-1.4272948254706534,53.30568106507417,-22.71244949344691
BOKU,TS167,996.4970122268423,-0.14077987816449422,-9.884967192425393,5.843941469593119
BOKU,TS168,-4571.802553256974,0.04826327545106324,31.49975770318997,-21.406032393868372
BOKU,TS169,1343.772620801814,0.5147648613367437,-23.96732048020931,15.842890130330488
BOKU,TS170,3552.2306584492326,0.4385272326383074,-36.69969227127149,11.105608123427373
BOKU,TS171,1076.6416354225948,0.3470842776855534,-23.427990400901763,0.33660686928851646
BOKU,TS172,-3650.9361552409828,-0.4886201419551526,19.91000949058798,-22.402869561767147
BOKU,TS173,8441.111395806074,1.9719349248937306,-72.3434013085789,30.689015443334938
BOKU,TS174,3892.5819378662854,0.24283133423296022,-50.248039285012055,17.229208212833328
BOKU,TS175,-1503.9950337279588,0.18544959035943975,8.509612253168598,-9.70369891971859
BOKU,TS176,2210.562575700693,0.2850486096874647,-27.85239596592146,17.287361164664617
BOKU,TS177,123.99455996695906,-1.0546712217465029,0.7129795520449989,-4.766446532863483
BOKU,TS178,-4067.227956743911,-0.22742606686801992,27.448437709157588,-24.395615265944798
BOKU,TS179,1243.2855339543894,0.9503523700589085,-22.744292305025738,9.988753217403428
BOKU,TS180,2310.0642182389274,0.32189509635713875,-13.258437548938673,15.196788507979363
BOKU,TS181,1765.2547155329958,-0.2563506942710774,-24.993139972357312,14.014919364355592
BOKU,TS182,-8.475678715854883,-0.9150842611654753,-10.949658918165369,-1.601979326820583
BOKU,TS183,61.46442186366767,0.15941648711191192,-9.544986787775997,0.3627364461499383
BOKU,TS184,-239.13818610738963,0.6731944458481394,-7.2763182973722,-0.5402401835526689
BOKU,TS185,-63.28782351966947,-0.17366637425175213,-8.288075713178841,1.0520721953434986
BOKU,TS186,-9070.009339565411,-4.785740293709978,118.69003155449172,-44.92765683152538
BOKU,TS187,-1250.998149476014,-0.219950034163503,-0.36023019821732305,2.386417584355513
BOKU,TS188,-3601.574725053273,-1.139289241043116,41.156092316668946,-20.006116253789514
BOKU,TS189,320.9461730113253,-0.4127509533120701,-8.464198983187089,10.458455494917871
BOKU,TS190,-552.2402807381004,-1.216739424721709,10.922886606917018,-6.422790729557164
BOKU,TS191,1588.4529960202053,0.6895916425062296,-22.89588698625448,1.006265153770073
BOKU,TS192,-1557.7152373623103,-0.002443138606395223,6.672037086827913,-9.652603591755906
BOKU,TS193,-1967.9180193832144,-1.8753049745628232,29.50851674200385,-0.8969035001427983
BOKU,TS194,5174.78647190053,1.50504687845023,-39.5069753456919,31.055666221309366
BOKU,TS195,4050.7146194800735,0.4581863315534065,-41.265341325546615,19.325245354848448
BOKU,TS196,-1730.3354700952768,-0.18971099759573917,10.926934858551249,-6.507370496557996
BOKU,TS197,-2245.1318482467905,0.43010457468335517,13.981464372685878,-16.53370535216527
BOKU,TS198,3869.1029057558626,0.9402913108476696,-33.743340057175374,13.076980844365607
BOKU,TS199,-248.6832171799615,-1.0133912428359508,15.27975883099134,-6.239738833581214
BOKU,TS200,918.3470418090001,0.32213900006922813,-18.19434885721421,5.294067754301068
BOKU,TS201,3004.5727234948426,0.6587499746342473,-34.33729908280657,18.367927278861316
BOKU,TS202,2845.4433231772855,-0.4477330849579175,-21.530641039833426,13.039558758704516
BOKU,TS203,3924.011335603893,0.07045137125192014,-23.962479604029795,15.969158321142459
BOKU,TS204,-3200.0475835576653,-1.8269396049390707,49.22597011839389,-17.619532553097088
BOKU,TS205,4184.771769018844,-0.14711048859021503,-43.24184501951095,19.80131511970103
BOKU,TS206,3389.2415701756254,0.7345264425823643,-25.204280003497843,23.060686054406688
BOKU,TS207,2395.9824344320223,-1.0205970861063633,-37.895628667465644,5.966692256526585
BOKU,TS208,1974.0702529950067,-0.4941991872069593,-15.061746117338771,10.882262245126185
BOKU,TS209,-298.49012603983283,0.4148533841778317,7.100614839437185,0.7681636253946635
BOKU,TS210,-1321.5635438933969,-1.4828047819078165,48.05489675843273,-14.355403979363473
BOKU,TS211,-302.5544400746003,-0.6333296401155621,10.751763198612025,-0.3365115021078964
BOKU,TS212,-2763.4522948348895,-1.8825054607098082,56.88786802414688,-14.944938658827596
BOKU,TS213,2436.4471155405045,0.5149901940503696,-23.3973820891988,16.701483097767778
BOKU,TS214,3320.678136096336,0.7065644914232507,-33.593663987354375,12.696756063112844
BOKU,TS215,3513.2073835423216,0.3531565570619932,-40.63815729794442,13.976258079881518
BOKU,TS216,-2479.348452113569,-0.7847512456962704,38.865947454905836,-9.1332692393662
BOKU,TS217,5491.709776270203,0.7151044798226849,-51.037803110462846,23.376026623896905
BOKU,TS218,4085.7943981951103,1.43451008785064,-40.60374914488057,23.529742311173322
BOKU,TS219,4164.996047498658,0.7973534020097759,-39.455825612007175,17.457579783094843
BOKU,TS220,4329.181516490877,0.477150604786857,-36.450749970186735,21.41396777200498
BOKU,TS221,3189.7737872777507,-0.03932302808357235,-48.06158768813475,13.6269327423106
BOKU,TS222,2584.2198568778113,0.12796766944279625,-26.265351090143668,11.861976363219583
BOKU,TS223,-414.2054932937026,-0.8438828559030753,0.07139376140548848,-5.85642146893224
BOKU,TS224,3540.6160117397085,-0.3452286921040013,-33.82040078722639,18.16633422137602
BOKU,TS225,-290.2628093911335,1.3101935296501779,10.069068992161192,1.28251243165505
BOKU,TS226,1151.7787760980427,-1.1836327740284105,-25.00866766087711,8.63587883855871
BOKU,TS227,5660.5531535912305,0.4185230056762066,-50.467076766333776,22.70273563388764
BOKU,TS228,-2039.9712479040027,-1.9125958167787758,60.933878143288894,-16.06275559039932
BOKU,TS229,3388.9723973572254,0.1837466594770376,-36.48049399338197,15.247663951522554
BOKU,TS230,-1881.4021360008046,-1.5874132524011202,34.59754388607689,-7.048008733712777
NMBU,TS001,-2043.4220201568678,-1.3624093523994816,679.9656798524084,-9.812351366905204
NMBU,TS002,2188.9611042281613,0.9974125186390665,-153.72549794905353,9.238043827728688
NMBU,TS003,684.9185794163495,0.22374237099893435,-216.8847633835394,2.5779829168168362
NMBU,TS004,1755.6603025263175,0.8705386676674607,175.98935044929385,7.485089570032869
NMBU,TS005,-1455.419927331619,-1.346870609915186,1326.259976153844,-8.188407650144654
NMBU,TS006,4856.841194548644,3.4711660703524103,-836.4485421719728,23.960727208217577
NMBU,TS007,-2809.6608031243086,-1.6208443128039107,625.8122206372209,-12.7155538128427
NMBU,TS008,3143.318654598668,2.780719677389243,-607.6530921783997,17.651998787830962
NMBU,TS009,596.0925354994833,1.19092178657138,-396.1906251645414,5.767682175053778
NMBU,TS010,-2381.555294394493,-1.6518221406931843,633.9393742035609,-11.636583539831918
NMBU,TS011,466.8678294075653,0.5798981966413521,-433.02319332247134,3.1588596516667167
NMBU,TS012,-2377.2584968861192,-1.6823377713781156,1193.4000825757394,-11.607634392454202
NMBU,TS013,1421.3366314116865,0.6838098952994187,-133.61515070160385,5.880136244883033
NMBU,TS014,-1695.997411091812,-1.26991196423387,639.3651928579202,-8.444724797576782
NMBU,TS015,1220.427431659773,0.491224994105778,-140.6910754670389,4.807396006530325
NMBU,TS016,-2190.535106929019,-1.465765443268083,728.8360791364685,-10.479903024333908
NMBU,TS017,762.336496767588,0.6787246000585583,-359.5949683689978,4.280759293389565
NMBU,TS018,-705.0880308402702,-0.29410357995539016,403.90461785020307,-2.679843838464876
NMBU,TS019,-2092.3535914374515,-1.4763114334696184,-149.99410564114805,-10.21324758596893
NMBU,TS020,-3083.0215565497056,-2.1972969941443807,530.6238800829742,-15.288137170005939
NMBU,TS021,-2174.8858394166455,-1.309144390248548,488.16900532890577,-9.893856087048334
NMBU,TS022,1640.6978610614315,1.5412597599838591,-580.3791894320166,9.36358535774707
NMBU,TS023,3452.449951097369,3.32874336492614,-777.5064538714942,20.079073887103732
NMBU,TS024,1272.560909004882,1.166431524401105,-561.6599266963312,7.2814334998547565
NMBU,TS025,-576.0740144299343,0.3292938608556142,-701.5956969176186,-0.43331817060607136
NMBU,TS026,-1034.3995118690655,-0.4778245382062778,70.29997712059412,-4.380525880653295
NMBU,TS027,4798.957521177828,2.7050170560473816,-692.6495626835385,21.274989770350658
NMBU,TS028,932.6026153303683,0.34854283806407693,-279.76175683387555,3.56964982503996
NMBU,TS029,3933.5316182347015,2.8305725861173414,-758.6737385578454,19.675650088662223
NMBU,TS030,2788.290764471516,1.427200726794581,-352.2540826551849,11.86669531599182
NMBU,TS031,-2941.4472683453932,-2.0530044606666706,913.8470008298755,-14.4350768802542
NMBU,TS032,-4015.6195945050567,-2.552729477405137,-546.4162803823128,-18.809078828740894
NMBU,TS033,-1192.1364369504154,-0.9834188048344004,368.8111722221365,-6.194450558308745
NMBU,TS034,-2782.324875262566,-2.0399367704321776,771.3021370423958,-14.02440318716981
NMBU,TS035,-4993.976322465576,-3.273635405611003,3365.734086081735,-23.862845820778603
NMBU,TS036,-1804.896018113941,-1.1529612524900585,376.496054231422,-8.499798039614689
NMBU,TS037,-2570.6146857161075,-1.9813323250323265,959.3880885940744,-13.317585492059152
NMBU,TS038,-3170.3938080249354,-1.786078139453366,195.30804844934028,-13.973570755468245
NMBU,TS039,1729.4855009792373,0.7739687002240316,-450.1711244758917,7.044762339162844
NMBU,TS040,-2782.0457119410858,-2.1627451894605656,762.1037735552527,-14.408084493796196
NMBU,TS041,-4942.986261068843,-3.0453384188617747,1650.7238949674647,-22.65503119902496
NMBU,TS042,-3041.9364266376942,-1.9220682817158377,757.9446663697017,-14.242736292220798
NMBU,TS043,-4665.128720439039,-3.18643771833149,979.7918098382652,-22.72115221293643
NMBU,TS044,-2602.9400208564475,-1.8403810281529331,387.2551824747352,-12.60886305873646
NMBU,TS045,-2741.7393691679463,-1.9204651016352727,732.2553374388954,-13.390340561338235
NMBU,TS046,-378.250512951985,-1.0538006450788089,951.3206301958999,-4.575059618517116
NMBU,TS047,-3335.558902816847,-2.5822758788644933,1813.3230704062153,-17.375520156954735
NMBU,TS048,-1952.723985740915,-1.127529542487082,918.7214536083629,-8.689268614933098
NMBU,TS049,-3240.649793489836,-2.440352033738691,2320.007202106295,-16.44405447407189
NMBU,TS050,-3605.564272042364,-2.619245411607153,1044.1445876162034,-18.19767327016598
NMBU,TS051,-2157.068275214173,-1.628879953188516,217.14056163432542,-10.708023265477095
NMBU,TS052,-2585.1045448267832,-1.9767075537574783,662.0588564274367,-13.214095551324135
NMBU,TS053,-1513.0587355261669,-0.9394837121831188,1.8525946988957003,-6.939114561606402
NMBU,TS054,-4459.9798631276935,-2.652532351356058,1404.4558821261162,-20.336799643446284
NMBU,TS055,-2974.9394066492096,-2.447718745314887,2566.0438147350214,-15.77787530788919
NMBU,TS056,-3095.4130750140175,-2.108515587902275,1590.031078183907,-15.039106473308493
NMBU,TS057,-4304.515942563303,-2.55876751731239,791.9978627788369,-19.579228310656617
NMBU,TS058,-3806.6210436243564,-2.4173683181106753,1960.609723117901,-17.95025337563129
NMBU,TS059,-5696.100797545165,-3.698420799613359,-665.920679593808,-26.983585898215097
NMBU,TS060,-2220.9377898713574,-1.8458166299810728,146.60357600497082,-11.888486699906935
NMBU,TS061,-1155.365169480443,-1.0450719618033872,603.7312122932635,-6.519897416448657
NMBU,TS062,-4712.029251193628,-2.729641528591401,718.8459527686937,-21.071359146364557
NMBU,TS063,-274.64890824910253,-0.24526883935050137,-286.50001452013385,-1.4469683949864702
NMBU,TS064,-992.3157268119976,-0.0875974764530838,-194.77292920928448,-2.87135965404741
NMBU,TS065,-1858.409026258625,-1.2555213455657395,-195.65395248692948,-9.076654043685267
NMBU,TS066,-2837.9532777210698,-1.9888489147037944,354.2821970710065,-14.006122616840003
NMBU,TS067,-2354.1410581488162,-1.594674619196212,162.30722830130253,-11.313163516679197
NMBU,TS068,-2908.9989300221205,-1.7074126309216808,281.83188450860325,-13.120017990575434
NMBU,TS069,-2625.1357092671096,-1.6799488652236505,408.8356969153974,-12.372153720920323
NMBU,TS070,-1777.6530233826488,-1.256563871358594,354.8012270425679,-8.785109776570607
NMBU,TS071,-3456.970763073303,-2.4930913827356562,878.4744665160542,-17.247776344116573
NMBU,TS072,-949.9522290341556,-0.6154319706188289,-15.931845072540455,-4.48296077438863
NMBU,TS073,-4042.9378545330837,-2.6540677499951926,1049.461405535927,-19.232234442337358
NMBU,TS074,-5509.860896892846,-3.5485522389499238,287.20521294442005,-25.931339916904108
NMBU,TS075,-2882.6223180554807,-2.1896903499955442,1564.2155060125515,-14.683821656806685
NMBU,TS076,-3102.612952377647,-2.2094926787613076,330.95534912031144,-15.325197126428975
NMBU,TS077,-4753.491755516268,-3.0713882036211544,2620.6584187770495,-22.500170338997123
NMBU,TS078,-3343.484557343647,-2.3852508898639826,1541.0353730983334,-16.498824891150434
NMBU,TS079,-2309.5781325427815,-1.6368269368249457,1215.0603578103473,-11.388719255493925
NMBU,TS080,-2458.8559329425916,-1.5553512679975938,983.497217373806,-11.671905645733204
NMBU,TS081,-1347.839959539473,-0.8811916162317175,-71.8556483478751,-6.387628046926693
NMBU,TS082,5508.285291879438,1.914760029624631,-499.4997426250484,19.912772420062538
NMBU,TS083,1044.2036831201985,0.9517790479080759,-440.4945981700439,5.900604262631532
NMBU,TS084,207.4671386834234,0.1484429500051192,-344.6771704433486,1.0385778660456708
NMBU,TS085,-599.7481497973204,-0.01221420922638572,-333.9958240619162,-1.4876241945239599
NMBU,TS086,746.6998546365649,0.0017513830971438438,-408.8917362866923,2.0340249695836974
NMBU,TS087,3238.2557509932667,1.8142055697408068,-388.273982243496,14.347586561700155
NMBU,TS088,2275.1328419363126,1.2704571375643354,-273.887503874721,10.197959287277627
NMBU,TS089,-2492.145132678561,-1.4557023470893,262.09535182081163,-11.337540329666808
NMBU,TS090,-1933.0715191559866,-1.1427576300770852,40.62515373947099,-8.76162507223853
NMBU,TS091,-1764.8504660436884,-0.8914251874061847,12.774167387164198,-7.440674526205839
NMBU,TS092,555.7111539077014,0.3929352842883418,-426.12846597319003,2.7710751397280546
NMBU,TS093,-1129.8153641335666,-0.5073382491682423,-80.053793166182,-4.467469779079693
NMBU,TS094,-152.99845470767468,0.16845412636803303,-279.6160867024446,0.3162493179406738
NMBU,TS095,3342.580306385644,1.5722448314795656,-154.1064693700755,13.838836510749388
NMBU,TS096,-906.0726038590074,-0.057782166509241506,-206.0219823390944,-2.3839592791373434
NMBU,TS097,-334.90255315974355,0.16488447438587173,-314.44144582748413,-0.319714397250209
NMBU,TS098,1745.192579112947,1.5996492415797547,-571.4515154461842,9.823467534770316
NMBU,TS099,-149.60537504497916,0.07712823960810056,-276.39727949374355,0.02839503552968381
NMBU,TS100,-1412.491429042071,-0.9226859571672321,11.448073836741969,-6.661741850304679
NMBU,TS101,-3734.51193578355,-2.386035168959552,697.6175873838365,-17.65711029827071
NMBU,TS102,5159.141094603576,3.6111170441186005,-783.1188090613578,25.264322122267913
NMBU,TS103,-720.3847512081265,-0.3503682371733703,-82.94671235769056,-2.9591969266766682
NMBU,TS104,2515.8337452244014,1.7778155249384326,-595.0831292046933,12.192742450184596
NMBU,TS105,584.1330421324819,0.5034666576293603,-376.14037740719505,3.2075944568496197
NMBU,TS106,-1334.5205325651914,-0.5210028735023116,-152.72522782254964,-5.116783072931867
NMBU,TS107,4359.962313363329,1.9863787060930918,-573.3019327498041,17.940546402438486
NMBU,TS108,-3377.2269003409892,-1.9155814859032034,269.0522464751266,-15.050275878777029
NMBU,TS109,447.712198426947,0.3512394712392961,-177.56633631000295,2.3994401569580077
NMBU,TS110,1288.7186960112303,0.8732839260405854,-391.5230339891277,6.3944156582365395
NMBU,TS111,1100.8679473781958,0.8691320135440037,-336.406706997077,5.780577593272028
NMBU,TS112,-780.2207529982552,-0.265067785503561,-240.09733173425775,-2.8154817356262356
NMBU,TS113,-622.8202166473493,-0.44431905042165454,-53.204035924281925,-3.0240306569176028
NMBU,TS114,2805.067414750345,1.3229693281537038,-484.3707572974963,11.517626809498324
NMBU,TS115,1238.2395121986046,1.0019651896286632,-467.057307497249,6.5871410083564115
NMBU,TS116,366.8937973920256,0.99366568311234,-512.8348627204541,4.368194419577776
NMBU,TS117,-1625.0685515776277,-1.0714345458250136,17.05249104241375,-7.6451968920337094
NMBU,TS118,94.33461678680032,-0.1583873594013312,-233.28681109065656,-0.3308971650512831
NMBU,TS119,1485.80244403705,0.22680622690631935,255.03418775449973,4.630767241142166
NMBU,TS120,957.3039227761328,0.9900785051850107,-208.93652524845675,5.904313503757294
NMBU,TS121,310.10615278128535,0.642758208952273,-419.31087985041086,2.8997740009217523
NMBU,TS122,2207.792111723684,2.324861829186375,-686.1149149405537,13.388046653315541
NMBU,TS123,282.1496234787628,0.5799237643459492,-377.65561694896314,2.743307353423006
NMBU,TS124,2557.364670551382,1.967999557996336,-503.24716697086114,13.37882249298491
NMBU,TS125,1690.7537590274587,1.0909887395623628,-520.2225619448582,8.168888929423701
NMBU,TS126,290.6688371868804,0.331213314870638,-398.83717069844715,2.029561924322479
NMBU,TS127,3573.2045525778085,3.5131821803465755,-663.7969908721279,21.330370892286737
NMBU,TS128,1064.0614585280418,0.7701443089058557,-338.70083962380886,5.241088835828123
NMBU,TS129,-719.494476065971,-0.009783932308891963,-303.2826975636417,-1.9907083314319607
NMBU,TS130,2874.0914506576955,1.6147708289900038,-589.8237863845425,12.84373583395427
NMBU,TS131,1229.1121770460159,1.5378471427748082,-484.8207910229685,8.456382389333157
NMBU,TS132,2673.8960207430646,2.530089601916643,-690.1702426916454,15.384376703030284
NMBU,TS133,3155.8523289738223,1.3341781078520398,-372.925700356951,12.024920485870098
NMBU,TS134,-768.9761831173673,-0.6365878693868581,286.758357363753,-4.028358706669678
NMBU,TS135,2602.1791773466393,1.4854385939243002,-485.0471242655767,11.771543042097619
NMBU,TS136,3958.191393563524,2.2485747997866383,-545.5444850581698,17.72784224212228
NMBU,TS137,868.84136457555,1.1789015812164507,-473.52975121722557,6.3264365697941685
NMBU,TS138,760.9132398674265,0.08048065279353978,196.12944534502458,2.292220535549859
NMBU,TS139,-783.1831028340384,-0.4182229430798543,-108.60640245187096,-3.285321879462572
NMBU,TS140,3103.850986097008,2.0380644940155435,-650.0494576317724,14.615570354108058
NMBU,TS141,1056.986246326007,1.337900155607258,-526.473116108682,7.237162518278637
NMBU,TS142,-1358.2850825730711,-0.61226276770185,416.5567401392618,-5.446767896504753
NMBU,TS143,-182.70089525170624,0.20472990614553055,-199.79037322523072,0.2066323765029665
NMBU,TS144,-275.61812816467136,-0.041809935730725556,-127.25058545905631,-0.8773341484375123
NMBU,TS145,-2101.3420436913148,-1.6045846564593376,670.9315282620955,-10.82219782357788
NMBU,TS146,3110.8527691755444,1.9442798056034007,-584.2449197653914,14.556335669865803
NMBU,TS147,2778.4922297745943,1.3494830763511345,-252.75569865864236,11.517618465895794
NMBU,TS148,-1145.4312785053626,-0.8748556862387886,86.71202101465315,-5.848750571942219
NMBU,TS149,274.3707250338048,0.23662118443007785,-266.33105822687503,1.642063106486603
NMBU,TS150,305.85358095075935,0.9112179250114423,-490.42371014668606,4.010950626769045
NMBU,TS151,-1116.3729115296155,-0.5770710342085295,88.00188466825057,-4.681680162539124
NMBU,TS152,2692.0996084436774,1.2087740048605156,-333.1382736254018,10.933258323639166
NMBU,TS153,-1178.8754143416882,-0.3753625180884228,-179.83289049880113,-4.072153867509769
NMBU,TS154,3223.559579173103,2.530500818163091,-779.1386227179319,16.715165738743963
NMBU,TS155,4979.578332462348,2.1899792865920062,-601.7408672650345,20.01985836413951
NMBU,TS156,-90.47741221450269,0.40638898045790484,-398.3118982380256,1.1852795376435097
NMBU,TS157,-885.4251588005573,-0.15634236153528036,-253.89604868879542,-2.7792884486007097
NMBU,TS158,3901.050667438656,2.01050303039392,-526.3269828003831,16.60411668533925
NMBU,TS159,1826.5901786582544,0.9221614572720682,-378.90724422142375,7.842854066642758
NMBU,TS160,3060.9644248345867,1.7544687439708468,-494.14906435634475,13.926512091326003
NMBU,TS161,-751.8864738252014,-0.30713876876552604,53.854616551077925,-2.912643810719601
NMBU,TS162,-1142.2249162010849,-1.1665172825601076,-115.27369758184068,-6.850593647781352
NMBU,TS163,993.5966184521094,1.1628743569440303,-481.5789781108033,6.582160037178255
NMBU,TS164,1154.950126892887,1.181008428255609,-506.9461399643915,7.045050407599774
NMBU,TS165,-307.26171764638275,-0.30277354177769666,175.17383007903118,-1.56806012148445
NMBU,TS166,5195.60541883111,1.8817557758702605,-8.726540971314535,19.19107592888031
NMBU,TS167,-754.1600140798837,-0.3163828366159578,-176.11705832532607,-2.9157160893992113
NMBU,TS168,196.3312245393172,0.5554898724562918,-446.8365787048824,-4.714955527295388
NMBU,TS169,1588.723845780827,1.3542474703936023,-521.6757820731727,8.680541516714584
NMBU,TS170,2745.1858235849068,1.8651801328596775,-438.3319886055542,13.450135655562917
NMBU,TS171,1286.0286803813651,0.36956007887783926,-67.11200330592692,4.649182291304896
NMBU,TS172,-325.13484019227326,-0.944876511217899,440.93018501182087,-4.143540234246757
NMBU,TS173,1835.287958319299,1.499304622857835,-647.2887041785289,9.692684267931327
NMBU,TS174,1842.0536521971226,0.7583557341581582,-395.0567335608648,7.158060374895285
NMBU,TS175,-640.2596487086266,-0.10221166425571937,-303.54620311246254,-1.9303023338216008
NMBU,TS176,1419.5536046549678,1.3581556359868046,-594.8297968797851,8.245463522453065
NMBU,TS177,2647.5326949125156,1.4955595865076248,-453.6320158637827,11.982416868057044
NMBU,TS178,-2456.63140421547,-2.0959031754450734,786.9541052280692,-13.256914738420164
NMBU,TS179,387.30694245453924,0.5703979636728036,-405.83542600506917,3.0758838102665322
NMBU,TS180,-2295.1128844581544,-0.7716328870969846,-148.7902852257248,-8.533359304718033
NMBU,TS181,2993.127177009359,1.2310745169602342,-315.917514337576,11.80610187534694
NMBU,TS182,-1454.9449562439695,-0.8635765080643978,861.7536104965257,-6.3305078230005165
NMBU,TS183,-1696.3869455596432,-0.5669153391440886,-54.691844145418145,-6.371686908998527
NMBU,TS184,2698.02943387907,1.1199158171502859,-577.8661988332169,10.301207876811532
NMBU,TS185,791.5114200171083,0.09798034165851277,-94.16581997694448,2.3321435635771195
NMBU,TS186,-227.09555100090802,-1.228861821724422,64.4610171240056,-4.919379668994225
NMBU,TS187,-714.8942446131259,-0.49660988782943605,485.13310719036963,-3.477705261131632
NMBU,TS188,3202.315637746826,1.047236461562079,-435.96982623345684,11.181877567349147
NMBU,TS189,6692.581885914318,3.3936099582597308,-574.8963397420011,28.62682436087198
NMBU,TS190,2120.3280408298597,0.9621280183400813,-332.8118233223213,8.742948329549108
NMBU,TS191,-2844.1427151560783,-1.2012223123706463,-66.38418269960675,-11.10061517505892
NMBU,TS192,2328.0486777946353,0.7456378950873841,-58.923470029840246,8.287092400962138
NMBU,TS193,-139.7286109533161,0.10439215131873425,-283.9542178546544,0.12773793028100044
NMBU,TS194,-218.2316986657679,0.15175006808885882,-349.06579425616655,0.14378681734888232
NMBU,TS195,3206.8358383746818,1.842649695101045,-107.05965161079075,14.485005975067907
NMBU,TS196,-2384.5340156666934,-1.2014541917337738,35.69365336303599,-9.906866197972704
NMBU,TS197,594.8619371932,0.3725162393470782,-412.4810867445776,2.9311720282821625
NMBU,TS198,47.78476801235229,0.40166312219798783,-315.9541588886641,1.5367952023771068
NMBU,TS199,-2.2815012894570827,0.30654448684299496,-337.1220759190619,1.103630866160529
NMBU,TS200,1638.5995338167995,0.5167112737726711,-383.82368212367874,5.6937394132619374
NMBU,TS201,-331.2824698118493,-0.11077732671583362,-137.53377329779323,-1.1485466075027944
NMBU,TS202,1348.8085543150082,1.6526395220794257,-255.70515562070068,9.339984623984492
NMBU,TS203,-959.1026621498168,-0.44848271120190475,-178.2460702576209,-3.9275545617092575
NMBU,TS204,1524.9549843855202,0.9440358130323148,-431.8265098897973,7.255348107704776
NMBU,TS205,2111.9211768554524,2.3034239305825395,-726.9799717321293,13.324643351796112
NMBU,TS206,143.07343607023358,0.8407468252507897,-527.8386166997952,3.087284118118987
NMBU,TS207,4360.973753572442,2.2588618705822228,-483.42961073864717,18.82322936049968
NMBU,TS208,510.47814610693604,0.06100464660221405,-137.1158826884348,1.837880110135302
NMBU,TS209,-240.5166287822649,0.3385510222283301,-427.5050515420735,0.4764509696906316
NMBU,TS210,3124.385644041933,1.5668376164585425,283.26134195853956,13.448719590487599
NMBU,TS211,442.393512185663,0.4166585451021092,-389.1252144187456,2.6679808403205243
NMBU,TS212,-985.9022616166621,-0.5003414196858103,183.21592130186036,-4.097509191040444
NMBU,TS213,680.6773440688848,0.5048366173232353,-298.01483651879244,3.537418746120238
NMBU,TS214,1947.4313309947029,2.3507840544616556,-669.2899495016318,12.942563754153525
NMBU,TS215,704.5668170126155,0.17498183473526296,-202.93039051734377,2.529439832218486
NMBU,TS216,1849.8948592329398,0.8077829043063502,-335.3590236172313,7.348354139128787
NMBU,TS217,2668.6992015475407,1.6803534826517534,-471.684152329457,12.325775980891194
NMBU,TS218,4233.381805989891,2.4984359382638104,-681.2184730393346,19.105509323282604
NMBU,TS219,-1153.2885399265215,-0.5085102926873333,12.67788409232162,-4.667838359418965
NMBU,TS220,767.8714454667643,0.8984730476699951,-389.5008676791331,5.004132402173127
NMBU,TS221,3501.706047737971,2.3564596960868585,-671.9534169776598,16.96861571608315
NMBU,TS222,4841.793105717748,2.552911874518486,-541.7370566226309,21.068786325497058
NMBU,TS223,-35.648184458725154,0.7423626923728079,-271.54202453792095,2.6193267423223006
NMBU,TS224,-814.3714803270996,-0.36184344759249143,-195.06894012680277,-3.2777863281517057
NMBU,TS225,937.3136500902474,0.4801119782864589,-421.1733276989544,4.1144796856278845
NMBU,TS226,706.9239562209696,0.8537535064847361,-383.9180655925302,4.723850920636323
NMBU,TS227,1301.8861608514562,0.31443294309428893,-322.1891806414351,4.281134316071984
NMBU,TS228,-1873.104086086154,-1.6476117028496446,1170.2184262723895,-10.289584577003552
NMBU,TS229,5596.7661962825805,2.4561283118309802,-651.6587731206091,22.061609485048393
NMBU,TS230,-1764.4198407540098,-1.1443897369645128,-479.48394447320607,-8.14549564594563
Secobra,TS001,500.6011956566945,-0.21316996278346778,-50.74521932640346,-3.1652173910697456
Secobra,TS002,-1360.6488043433055,0.07782816376584378,-75.61426694545662,0.33478260893025436
Secobra,TS003,-2376.4363043438643,-0.9282953436550088,-8.41188599303132,-13.165217391069746
Secobra,TS004,-1877.1488043433055,-0.18446342351489875,-73.55355265975231,-3.1652173910697456
Secobra,TS005,-2283.2613043431193,-1.7948697434294445,932.8214473403059,-24.665217391069746
Secobra,TS006,2314.751195657067,1.714439593998577,-122.28480265970575,22.834782608915702
Secobra,TS007,-3310.5238043433055,-2.0579118206551357,214.86144734028494,-28.165217391084298
Secobra,TS008,4585.588695656508,1.8752980220442623,-122.97855265968246,25.334782608915702
Secobra,TS009,21.188695657067,0.4350529708162867,-83.15355265972903,5.334782608930254
Secobra,TS010,-766.1988043431193,-0.5728518968780918,-5.0473026597173885,-8.165217391069746
Secobra,TS011,-1181.8988043433055,-0.5180063060179236,-39.1131680443068,-7.165217391084298
Secobra,TS012,-558.1988043431193,-1.089465431800818,13.483947340282612,-14.665217391069746
Secobra,TS013,2309.388695656322,0.5870229408328669,-92.52802634396357,7.834782608930254
Secobra,TS014,-674.6488043433055,-0.49698716556122235,-32.81962408829713,-7.165217391084298
Secobra,TS015,1733.3761956561357,0.40926095189388434,-90.89914089499507,5.334782608930254
Secobra,TS016,-1872.5863043433055,-1.0583256184936545,84.84366956248414,-14.665217391069746
Secobra,TS017,-86.89880434330553,0.1553587950684232,-53.800219326338265,1.8347826089302544
Secobra,TS018,-2553.1363043440506,-1.797259220140404,277.4547806736082,-24.665217391069746
Secobra,TS019,-2303.1488043433055,-1.6808612789191102,191.89644734025933,-23.165217391069746
Secobra,TS020,-3352.6863043438643,-2.2414338579956166,1059.554780673585,-30.665217391084298
Secobra,TS021,-1011.7738043433055,-0.6732674192890045,-29.729834711004514,-9.665217391069746
Secobra,TS022,3776.2636956572533,2.054746067630731,-132.3285526597174,27.834782608930254
Secobra,TS023,2107.526195656508,1.1507736020776065,-106.78764356882311,15.334782608930254
Secobra,TS024,-550.8988043433055,0.5251343790177998,-80.36639988195384,6.834782608930254
Secobra,TS025,21.976195656694472,0.33686208024482767,-69.2847065058304,4.334782608930254
Secobra,TS026,-1077.1488043433055,-0.514304877387076,-24.06744154857006,-7.165217391084298
Secobra,TS027,-176.86130434274673,0.9729939178405402,-95.19164789782371,12.834782608930254
Secobra,TS028,6836.738695656881,2.252198895001129,-133.7570141981705,30.334782608930254
Secobra,TS029,-388.51130434311926,0.5996208510514407,-70.8884210807737,7.834782608930254
Secobra,TS030,-532.0113043440506,0.40522624957884545,-23.231409802567214,5.334782608930254
Secobra,TS031,-922.9863043436781,-0.8424142373287395,9.677558451367076,-10.665217391069746
Secobra,TS032,-839.0113043431193,-1.1953259740066642,122.0447806736338,-15.665217391069746
Secobra,TS033,-605.8863043431193,-1.1208196684510767,78.51430448313477,-14.665217391069746
Secobra,TS034,-2543.6238043438643,-2.015873063693107,350.77144734025933,-27.165217391069746
Secobra,TS035,-856.4738043434918,-1.1912414840835481,58.05269734025933,-15.665217391069746
Secobra,TS036,352.876195657067,-0.9191268182039494,100.77144734025933,-12.165217391069746
Secobra,TS037,57.07619565632194,-0.6292668882806538,-7.583552659722045,-8.165217391069746
Secobra,TS038,927.688695657067,-0.26507965922064614,-42.774007205152884,-3.1652173910697456
Secobra,TS039,1016.5886956565082,0.05242904785427527,-61.598552659736015,1.8347826089302544
Secobra,TS040,-1603.048804343678,-0.9111199875569582,-7.293830437469296,-12.165217391069746
Secobra,TS041,574.3261956572533,0.05695789421952213,-64.41605265968246,1.8347826089302544
Secobra,TS042,-1256.9988043438643,-1.007518963539951,102.22255845140899,-13.165217391069746
Secobra,TS043,317.126195657067,-0.9422842013000263,22.129780673596542,-12.165217391069746
Secobra,TS044,-1605.0113043431193,-1.2836345087052905,414.31644734030124,-17.165217391069746
Secobra,TS045,-1380.048804343678,-1.1595377145167731,152.6797806736431,-15.665217391069746
Secobra,TS046,-1162.8863043431193,-1.1317731436593021,242.20144734031055,-14.665217391069746
Secobra,TS047,-3015.3988043433055,-2.078244775141684,498.50644734030357,-28.165217391084298
Secobra,TS048,-1401.7363043427467,-1.4452072217700334,149.40478067361983,-19.665217391069746
Secobra,TS049,-708.8613043436781,-1.4619799529500597,459.1964473402477,-19.665217391069746
Secobra,TS050,-1669.7738043433055,-1.2836345087052905,870.1436695625307,-17.165217391069746
Secobra,TS051,-934.7238043434918,-0.8305609579210795,-13.161409802618437,-10.665217391069746
Secobra,TS052,-125.88630434311926,-1.0347736552585047,113.42811400693608,-13.165217391069746
Secobra,TS053,-442.6488043433055,-0.9602673497029173,37.55144734028727,-12.165217391069746
Secobra,TS054,458.5636956561357,-0.6025121240427325,-20.2674415485817,-7.165217391084298
Secobra,TS055,-1983.0238043433055,-1.5441924673477843,-43.82855265971739,-20.665217391069746
Secobra,TS056,-433.6613043434918,-0.4940529260729818,2.458114006964024,-5.665217391069746
Secobra,TS057,-1125.5113043431193,-0.6749457661790075,-4.04673447785899,-8.165217391069746
Secobra,TS058,-1972.0863043433055,-0.973862008652759,136.00755845138337,-13.165217391069746
Secobra,TS059,-833.561304342933,-0.1574601712072763,-37.23239881359041,-2.1652173910697456
Secobra,TS060,-1878.4738043434918,-1.3707509138721434,105.3214473403059,-18.165217391069746
Secobra,TS061,-1071.6613043434918,-0.7344302459796381,371.26311400695704,-9.665217391069746
Secobra,TS062,-909.5488043427467,-0.9135547159912676,846.6214473402943,-12.165217391069746
Secobra,TS063,3416.0011956561357,1.074729540872795,-121.12855265970575,15.334782608930254
Secobra,TS064,2747.388695656322,0.7925363292315524,-101.77460529125528,11.834782608930254
Secobra,TS065,177.62619565613568,-0.1337860131634443,-8.340457421611063,-0.6652173910842976
Secobra,TS066,-1520.8488043434918,-1.3707509138721434,134.51144734025002,-18.165217391069746
Secobra,TS067,524.1011956566945,0.10563925096357707,-42.091739472933114,2.8347826089302544
Secobra,TS068,884.938695657067,0.2946040000160792,8.332161625963636,4.334782608930254
Secobra,TS069,-16.81130434386432,-0.44033491228037747,-92.87855265970575,-5.665217391069746
Secobra,TS070,543.5261956565082,0.15096172158064292,51.5071616260102,2.8347826089302544
Secobra,TS071,636.8011956568807,0.027392875723307952,-11.433314564463217,1.8347826089302544
Secobra,TS072,1988.513695656322,0.3363564581322862,-32.90980265970575,5.334782608930254
Secobra,TS073,-2661.036304343492,-2.083808448455784,1014.1214473402943,-28.165217391084298
Secobra,TS074,720.7636956563219,-0.1338638015831748,-33.82400720514124,-0.6652173910842976
Secobra,TS075,-1922.4613043433055,-1.3077439066082661,92.87144734029425,-17.165217391069746
Secobra,TS076,-786.2238043434918,-0.6561991763119295,-16.975475736660883,-8.165217391069746
Secobra,TS077,-476.07380434311926,-0.39384146135398623,368.36787591170287,-4.665217391084298
Secobra,TS078,-1692.6738043427467,-1.1887092918032067,32.87144734029425,-15.665217391069746
Secobra,TS079,-2219.236304343678,-1.7266879869848708,174.1614473402733,-23.165217391069746
Secobra,TS080,-1401.4113043434918,-0.9708193636215583,23.50269734027097,-13.165217391069746
Secobra,TS081,435.0886956565082,0.3669853845058242,-54.011885993008036,5.334782608930254
Secobra,TS082,1821.263695656322,0.9217941035130934,-85.21783837402472,12.834782608930254
Secobra,TS083,251.62619565613568,-0.21590045766424737,-57.56521932641044,-3.1652173910697456
Secobra,TS084,192.32619565632194,-0.15170357154147496,-50.09105265972903,-2.1652173910697456
Secobra,TS085,2450.963695656508,1.139697795993925,-103.42477114713984,15.334782608930254
Secobra,TS086,-999.1488043433055,-0.5200554124021437,-37.10205693321768,-7.165217391084298
Secobra,TS087,-1250.2363043427467,-0.4042597137795383,-43.59470650588628,-5.665217391069746
Secobra,TS088,1390.501195657067,0.9217941035130934,-88.55712408828549,12.834782608930254
Secobra,TS089,-66.16130434349179,0.01120873286981805,36.39287591166794,0.33478260893025436
Secobra,TS090,1675.0886956565082,0.5454092749287156,-87.40407713520108,7.834782608930254
Secobra,TS091,-1451.6988043431193,-1.1279293369252628,74.09196016076021,-15.665217391069746
Secobra,TS092,4470.526195656508,1.3140115891619644,-73.0702193264151,17.834782608930254
Secobra,TS093,876.126195657067,0.9680887427348353,-93.01783837401308,12.834782608930254
Secobra,TS094,675.2636956572533,0.945190481697864,-91.5269186727819,12.834782608930254
Secobra,TS095,-1747.9738043434918,-0.8771742961116615,7.050197340315208,-12.165217391069746
Secobra,TS096,833.2636956563219,0.37897065000015573,-29.10474313586019,5.334782608930254
Secobra,TS097,6250.051195656881,1.8651456097177288,-121.57855265971739,25.334782608915702
Secobra,TS098,1642.701195656322,0.7722233309004878,-94.49659777252236,10.334782608930254
Secobra,TS099,815.1886956561357,0.7812716177759285,-94.27820178249385,10.334782608930254
Secobra,TS100,-630.2988043427467,-0.16940550742128835,-50.313168044318445,-2.1652173910697456
Secobra,TS101,-1274.6613043434918,-0.5232718559827845,-22.853552659682464,-7.165217391084298
Secobra,TS102,1867.6511956565082,1.1313504883064525,-92.7757748819422,15.334782608930254
Secobra,TS103,-340.248804342933,0.13965172399184667,-72.15186996740522,1.8347826089302544
Secobra,TS104,2528.063695657067,1.5012066103836332,-116.36201130633708,20.334782608930254
Secobra,TS105,2634.001195657067,0.9044371341296937,-96.64283837401308,12.834782608930254
Secobra,TS106,1152.3761956561357,0.6583579626149003,-79.49137317249551,9.334782608930254
Secobra,TS107,64.563695657067,1.049547526603419,-87.13855265971506,14.334782608930254
Secobra,TS108,49.126195657067,0.40000872135897225,-77.05950504064094,5.334782608930254
Secobra,TS109,745.8511956566945,0.8637375992111629,-90.51283837400842,11.834782608930254
Secobra,TS110,-593.2738043433055,-0.15170357154147496,-64.57021932635689,-2.1652173910697456
Secobra,TS111,-549.4613043433055,-0.15387743724204483,-54.51316804433009,-2.1652173910697456
Secobra,TS112,117.35119565669447,-0.027404585073782073,-66.14855265972437,-0.6652173910842976
Secobra,TS113,1435.201195656322,0.21892465737710154,-54.49521932634525,2.8347826089302544
Secobra,TS114,-67.89880434330553,0.03615680017355771,-66.76188599306624,0.33478260893025436
Secobra,TS115,2023.826195656322,0.5919458112366556,-87.54926694545429,7.834782608930254
Secobra,TS116,1084.188695657067,0.983443794406412,-103.41486844915198,12.834782608930254
Secobra,TS117,195.2136956565082,-0.21590045766424737,-48.67355265968945,-3.1652173910697456
Secobra,TS118,3157.1761956568807,0.6816091097944081,-113.96188599307789,9.334782608930254
Secobra,TS119,-611.061304342933,-0.33355198391654994,-53.22855265974067,-4.665217391084298
Secobra,TS120,448.45119565632194,0.9637593826037119,-96.82414089498343,12.834782608930254
Secobra,TS121,3043.501195657067,1.661817190361944,-107.64521932636853,22.834782608915702
Secobra,TS122,2493.5011956561357,1.6810978723506196,-117.73480265971739,22.834782608915702
Secobra,TS123,-793.3238043440506,0.028200670559272112,-66.15813599305693,0.33478260893025436
Secobra,TS124,1421.2136956565082,1.509513571716525,-115.86048543284414,20.334782608930254
Secobra,TS125,439.9136956566945,0.5895384715577165,-82.9714098025579,7.834782608930254
Secobra,TS126,1009.1136956568807,1.1260708764521041,-100.94302634394262,15.334782608930254
Secobra,TS127,2259.638695656322,0.9708781175613694,-100.57260027877055,12.834782608930254
Secobra,TS128,-440.1238043438643,-0.32607181311414024,-43.179941548616625,-4.665217391084298
Secobra,TS129,326.82619565632194,0.0606437750184341,-74.89914089499507,0.33478260893025436
Secobra,TS130,1092.826195656322,0.41874127991104615,-71.51962408830877,5.334782608930254
Secobra,TS131,-315.7863043434918,0.20245639394124737,-68.35712408833206,2.8347826089302544
Secobra,TS132,3457.326195656322,1.5018226591355415,-113.61188599304296,20.334782608930254
Secobra,TS133,1072.0511956568807,0.6290184041163229,-69.31261859380174,9.334782608930254
Secobra,TS134,254.00119565613568,0.4187949359675258,-84.60683320270618,5.334782608930254
Secobra,TS135,-396.4488043440506,0.368889437980215,-91.70291163411457,4.334782608930254
Secobra,TS136,3017.463695656508,1.5454011094534508,-116.95950504066423,20.334782608930254
Secobra,TS137,-543.7738043433055,0.6186344431671387,-95.95355265971739,7.834782608930254
Secobra,TS138,-146.7863043434918,0.2157397499131548,-71.68624496745178,2.8347826089302544
Secobra,TS139,1048.0136956572533,0.5994364306598072,-91.58390980260447,7.834782608930254
Secobra,TS140,1168.7636956572533,0.9776783246934428,-108.95633043750422,12.834782608930254
Secobra,TS141,270.76369565725327,0.5841690338893386,-90.10712408827385,7.834782608930254
Secobra,TS142,1216.888695656322,1.1656613887007552,-110.74931158829713,15.334782608930254
Secobra,TS143,136.5886956565082,0.030772893065659446,-72.55021932639647,0.33478260893025436
Secobra,TS144,-739.5738043431193,-0.025522720763547113,-72.9368859930546,-0.6652173910842976
Secobra,TS145,-998.3363043433055,-0.700302903615011,-24.041739472886547,-9.665217391069746
Secobra,TS146,2419.6386956572533,1.1248665843704657,-108.14914089499507,15.334782608930254
Secobra,TS147,-451.48630434274673,0.21744874107844225,-46.37498123117257,2.8347826089302544
Secobra,TS148,-181.33630434330553,0.019858496111737622,-57.8798347110278,0.33478260893025436
Secobra,TS149,-848.9488043431193,-0.024384922589888447,-26.951885993068572,-0.6652173910842976
Secobra,TS150,-555.4238043427467,0.1412532778804234,-75.51124496740522,1.8347826089302544
Secobra,TS151,-496.8363043433055,0.030772893065659446,-70.82406548020663,0.33478260893025436
Secobra,TS152,1536.2511956561357,1.164756651425705,-109.82629702059785,15.334782608930254
Secobra,TS153,874.5136956563219,0.6113953383437547,-91.87771232356317,7.834782608930254
Secobra,TS154,1093.9386956561357,0.9820877250604099,-102.61802634393098,12.834782608930254
Secobra,TS155,-453.8363043433055,0.2274961265247839,-65.33816804434173,2.8347826089302544
Secobra,TS156,559.2886956566945,0.3207328929911455,-70.32470650586765,4.334782608930254
Secobra,TS157,-2010.561304342933,-1.2455849687894442,20.78930448315805,-17.165217391069746
Secobra,TS158,2747.901195656508,0.5870229408328669,-82.37498123111436,7.834782608930254
Secobra,TS159,-190.63630434311926,0.050823149421376,-66.17983471101616,0.33478260893025436
Secobra,TS160,213.63869565632194,0.5368186648738629,-84.44855265971273,6.834782608930254
Secobra,TS161,136.47619565669447,0.6186344431671387,-87.01783837401308,7.834782608930254
Secobra,TS162,261.11369565688074,0.10335337987453386,15.575018768839072,1.8347826089302544
Secobra,TS163,456.80119565688074,0.5222941583333522,-73.72470650583273,6.834782608930254
Secobra,TS164,1402.9136956566945,0.508919119908569,-83.04855265974766,6.834782608930254
Secobra,TS165,-1311.2238043434918,-0.40092424619524536,60.85375503258547,-5.665217391069746
Secobra,TS166,-56.186304342933,-0.07302334192445414,104.02501876885071,-0.6652173910842976
Secobra,TS167,789.3261956563219,0.4004939374699461,-78.00712408829713,5.334782608930254
Secobra,TS168,-1631.686304342933,-0.7914272286998312,11.036030673596542,-10.665217391069746
Secobra,TS169,203.36369565688074,0.681512167814617,-72.75248428364284,9.334782608930254
Secobra,TS170,-200.08630434330553,0.6453785556086586,-95.55283837398747,7.834782608930254
Secobra,TS171,-535.0113043440506,0.3254637842928787,-66.45284415769856,4.334782608930254
Secobra,TS172,-1682.3863043440506,-1.1684966498414724,104.81144734029658,-15.665217391069746
Secobra,TS173,2644.451195656322,1.3361045128194746,-111.96762828994542,17.834782608930254
Secobra,TS174,-1170.6863043438643,-0.3888501073306543,-50.505475736630615,-5.665217391069746
Secobra,TS175,-969.4363043438643,-0.529588564813821,65.63811400695704,-7.165217391084298
Secobra,TS176,-261.94880434311926,0.1355325029226151,-62.2323988135322,1.8347826089302544
Secobra,TS177,-947.2988043436781,-0.21190196145471418,-17.647302659694105,-3.1652173910697456
Secobra,TS178,-2537.598804343492,-2.001623166038371,495.7964473402826,-27.165217391069746
Secobra,TS179,1.2386956568807364,0.14045537332731328,-63.13239881355548,1.8347826089302544
Secobra,TS180,-564.4613043433055,0.1718374562688041,-57.78355265973369,1.8347826089302544
Secobra,TS181,-654.0488043436781,0.40926095189388434,-80.99914089497179,5.334782608930254
Secobra,TS182,-1142.9113043434918,-0.14936067368034855,-60.01521932636388,-2.1652173910697456
Secobra,TS183,-674.7738043433055,-0.15170357154147496,-64.57021932635689,-2.1652173910697456
Secobra,TS184,-593.873804342933,-0.1574601712072763,-51.6670141981449,-2.1652173910697456
Secobra,TS185,-150.936304342933,0.15615669962244283,-75.26084432640346,1.8347826089302544
Secobra,TS186,-1453.2738043433055,-0.5554603751043032,208.65478067361983,-7.165217391084298
Secobra,TS187,-250.0738043440506,-0.06412511691632972,-12.057302659668494,-0.6652173910842976
Secobra,TS188,-1706.173804343678,-0.5933186660358842,-27.620161051279865,-8.165217391069746
Secobra,TS189,-496.9613043433055,-0.03919681540628517,-57.31756364874309,-0.6652173910842976
Secobra,TS190,-996.1113043436781,-0.20660951769696112,141.49811400694307,-3.1652173910697456
Secobra,TS191,-850.7613043431193,-0.41612414170413103,-4.601148813555483,-5.665217391069746
Secobra,TS192,-475.9363043438643,-0.6094541631327957,118.66311400692211,-8.165217391069746
Secobra,TS193,-459.2738043433055,0.028200670559272112,-57.84888233005768,0.33478260893025436
Secobra,TS194,-439.88630434311926,-0.03999471996030479,-58.42470650584437,-0.6652173910842976
Secobra,TS195,722.7636956563219,0.32864160024473676,-76.81521932635223,4.334782608930254
Secobra,TS196,-1368.0363043434918,-1.2573101195284835,101.5714473403059,-17.165217391069746
Secobra,TS197,-153.74880434386432,-0.1688609518623707,53.17144734028261,-2.1652173910697456
Secobra,TS198,-1226.2238043434918,-0.1889280993518696,-60.57470650586765,-3.1652173910697456
Secobra,TS199,-502.2238043434918,0.04599284134928894,-68.41426694544498,0.33478260893025436
Secobra,TS200,963.9511956563219,0.5841690338893386,-84.42414089501835,7.834782608930254
Secobra,TS201,1423.4386956561357,0.9627193050673668,-99.81342660926748,12.834782608930254
Secobra,TS202,-424.5363043434918,-0.14521178414088354,50.39287591172615,-2.1652173910697456
Secobra,TS203,-22.823804343119264,0.23064317165608372,-74.38624496740522,2.8347826089302544
Secobra,TS204,-720.7738043433055,-0.15294340764558,-53.04650137765566,-2.1652173910697456
Secobra,TS205,955.4261956568807,0.8884403248366652,-90.77355265972437,11.834782608930254
Secobra,TS206,1580.5261956565082,1.0384241805268175,-90.99855265970109,14.334782608930254
Secobra,TS207,-1012.373804342933,0.24041228330679587,-73.93966377084143,2.8347826089302544
Secobra,TS208,367.626195657067,0.5703767131144559,-57.48331456450978,7.834782608930254
Secobra,TS209,-750.3488043434918,-0.24104818939304096,-8.283016945468262,-3.1652173910697456
Secobra,TS210,-1110.2863043434918,0.4419346753456921,-69.91542134660995,5.334782608930254
Secobra,TS211,-932.6738043427467,-0.04451148352200107,-64.59802381356712,-0.6652173910842976
Secobra,TS212,-689.2863043434918,0.03613588405914925,-41.032124088320415,0.33478260893025436
Secobra,TS213,-223.52380434330553,0.2108168795102756,-77.53688599303132,2.8347826089302544
Secobra,TS214,-335.4113043434918,0.3068312888244691,-60.30547573661897,4.334782608930254
Secobra,TS215,-92.53630434349179,0.5841690338893386,-88.10355265974067,7.834782608930254
Secobra,TS216,-1534.8988043433055,-0.6974084757257515,41.02144734025933,-9.665217391069746
Secobra,TS217,-551.5613043438643,0.01948605046072771,-35.97855265974067,0.33478260893025436
Secobra,TS218,1719.001195657067,1.164756651425705,-113.38820178247988,15.334782608930254
Secobra,TS219,-437.76130434311926,0.14045537332731328,-62.31042079156032,1.8347826089302544
Secobra,TS220,1575.5011956561357,1.1720691392447407,-103.81426694541005,15.334782608930254
Secobra,TS221,5.151195656508207,0.1703240558890684,-71.94137317256536,1.8347826089302544
Secobra,TS222,5.801195656880736,0.34098130131496873,-71.08470650587697,4.334782608930254
Secobra,TS223,-814.6113043427467,0.15182591882785346,-66.73140980256721,1.8347826089302544
Secobra,TS224,-338.23630434367806,0.13309651386134647,-59.98404716519872,1.8347826089302544
Secobra,TS225,-1097.0738043431193,-0.5424409233210099,208.03573305456666,-7.165217391084298
Secobra,TS226,1085.0386956566945,0.5016217345473706,-60.35498123115394,6.834782608930254
Secobra,TS227,281.9136956566945,0.586334476482989,-72.88816804433009,7.834782608930254
Secobra,TS228,-1018.436304342933,-0.15093946367233002,54.17144734028261,-2.1652173910697456
Secobra,TS229,397.9011956565082,0.5769753501290324,-81.89998123113764,7.834782608930254
Secobra,TS230,-1997.9488043431193,-1.2951790170845925,22.244524263369385,-18.165217391069746
