Trait,Scheme,EID,n,rmseFm1,rmseFm2,rmseFm3
SA,0/12,Balsora_2016,155,1.8801109091305037,1.874120319609404,1.8786648923294644
SA,0/12,Balsora_2017,155,1.8172052905321743,1.806953512027773,1.7643443529703509
SA,0/12,Porvenir_2020,155,0.8699918258604016,0.8648654041159445,0.8796424382217052
SA,0/12,Porvenir_2021,155,1.2296419760302464,1.2172230314087156,1.3002727493861799
SA,0/12,Taula_2018,155,1.8605653774929705,1.8842583842343796,2.0662459753329836
SA,0/12,Taula_2019,155,1.2994520352106598,1.2912767043768432,1.3639539476138987
SA,0/16,Balsora_2016,155,1.8751610365760258,1.869286454596653,1.8397970745523016
SA,0/16,Balsora_2017,155,1.8414874643645731,1.826412035078874,1.8145830504252711
SA,0/16,Porvenir_2020,155,0.8652526498076739,0.861490268328781,0.8871340743813263
SA,0/16,Porvenir_2021,155,1.199009679321456,1.1895204276346631,1.205989970161545
SA,0/16,Taula_2018,155,1.5583028935354324,1.5833874890986706,1.5599128273603642
SA,0/16,Taula_2019,155,1.2929870941487198,1.2841469609247491,1.2880986042986542
SA,0/20,Balsora_2016,155,1.8833025240269141,1.864756615588517,1.859869157567515
SA,0/20,Balsora_2017,155,1.8368217315331408,1.8330107778712623,1.8275974797227321
SA,0/20,Porvenir_2020,155,0.8647046427224264,0.8622406935471573,0.8617872725302624
SA,0/20,Porvenir_2021,155,1.1934355709404911,1.1820921508591355,1.1972161906768277
SA,0/20,Taula_2018,155,1.622933805044529,1.5886432396106513,1.5845505176249215
SA,0/20,Taula_2019,155,1.2983693289313505,1.285824478957778,1.2956957453346125
SA,0/24,Balsora_2016,155,1.901003545771395,1.8914185692880414,1.8713301988749973
SA,0/24,Balsora_2017,155,1.8176277602991544,1.8154136943888952,1.78498201101443
SA,0/24,Porvenir_2020,155,0.8654733055546063,0.8617732142373787,0.8598734962399406
SA,0/24,Porvenir_2021,155,1.2008532380831503,1.1908140889802563,1.1981203309293504
SA,0/24,Taula_2018,155,1.6481580689797868,1.6277704763485756,1.6213988058602606
SA,0/24,Taula_2019,155,1.3055335758311208,1.298084362080592,1.2971377310878218
SA,0/28,Balsora_2016,155,1.8757300187911345,1.8644517012984267,1.8415094525233442
SA,0/28,Balsora_2017,155,1.8444397623199682,1.8370738247997374,1.826830450767811
SA,0/28,Porvenir_2020,155,0.8706875927167569,0.8641522230838029,0.8980297494285074
SA,0/28,Porvenir_2021,155,1.2154115910300918,1.211629272799071,1.2161807498250607
SA,0/28,Taula_2018,155,1.4641693347457005,1.457136568012892,1.4514100062803372
SA,0/28,Taula_2019,155,1.29052093538903,1.283233146214639,1.2906753347613313
SA,0/31,Balsora_2016,155,1.863226340457052,1.860402660033526,1.8270217640592328
SA,0/31,Balsora_2017,155,1.821887352308005,1.8200144418203372,1.8298674922766045
SA,0/31,Porvenir_2020,155,0.8701334505102125,0.8649999446123375,0.875077386622438
SA,0/31,Porvenir_2021,155,1.1817763895250084,1.1812933896928632,1.2018916160390831
SA,0/31,Taula_2018,155,1.508826239962997,1.4992726646350336,1.4636830863966441
SA,0/31,Taula_2019,155,1.2867407386969065,1.281916456132235,1.2824128624412818
SA,12/0,Balsora_2016,155,1.7599683049456145,1.6993178332576184,1.7603949596275097
SA,12/0,Balsora_2017,155,1.740913743361671,1.6908615106540126,1.7166500965041134
SA,12/0,Porvenir_2020,155,0.9447625412533074,0.895026902355959,0.9081809925108528
SA,12/0,Porvenir_2021,155,1.3075772099479364,1.2754737415157227,1.243850379875948
SA,12/0,Taula_2018,155,1.3912946443623606,1.3585234051290647,1.3496834794229629
SA,12/0,Taula_2019,155,1.2316721382153897,1.16513564346322,1.1049725112524034
SA,12/12,Balsora_2016,155,1.7845868437433738,1.7476178863064098,1.7774315870066282
SA,12/12,Balsora_2017,155,1.7945877663057552,1.7641463917141833,1.7753683474740574
SA,12/12,Porvenir_2020,155,0.8732805289867995,0.8482772672772505,0.8632451306526698
SA,12/12,Porvenir_2021,155,1.1842306815475345,1.1697662400840976,1.1919152449201211
SA,12/12,Taula_2018,155,1.3804939645098815,1.3573644434565786,1.3533774067750983
SA,12/12,Taula_2019,155,1.1900168489355707,1.1564228396483742,1.1191263616891973
SA,12/16,Balsora_2016,155,1.7847512861547827,1.7436197328379626,1.755020210817656
SA,12/16,Balsora_2017,155,1.7855471162485492,1.7597057940200638,1.763303935948861
SA,12/16,Porvenir_2020,155,0.871634424273632,0.8444989047615739,0.8547222202141053
SA,12/16,Porvenir_2021,155,1.180176892647622,1.168489149873182,1.1688171132322587
SA,12/16,Taula_2018,155,1.3821740642545346,1.3561340310355394,1.3362900116494991
SA,12/16,Taula_2019,155,1.1839722341703751,1.1581189986194096,1.1099238924639443
SA,12/19,Balsora_2016,155,1.782780747332667,1.7505853196154053,1.7576454184140458
SA,12/19,Balsora_2017,155,1.785079923375812,1.7609726479796377,1.7859550730241631
SA,12/19,Porvenir_2020,155,0.8530015729340101,0.8276127839337837,0.8478705814994063
SA,12/19,Porvenir_2021,155,1.1645680536234624,1.1560799091041756,1.1719789400349492
SA,12/19,Taula_2018,155,1.378804674289896,1.360089963003729,1.345887284520755
SA,12/19,Taula_2019,155,1.1855884029253914,1.162245599985102,1.099792381009421
SA,12/4,Balsora_2016,155,1.7927421849364866,1.7218202433232261,1.7552189732801118
SA,12/4,Balsora_2017,155,1.8005215742018832,1.757396716928192,1.7692008841236602
SA,12/4,Porvenir_2020,155,0.9187256366254871,0.8758112962632184,0.851971586254328
SA,12/4,Porvenir_2021,155,1.173036833729716,1.1406911951566658,1.1499705374342402
SA,12/4,Taula_2018,155,1.392222377847029,1.3620163060659534,1.3450513024789261
SA,12/4,Taula_2019,155,1.198397548744948,1.1543469328915743,1.108959789496606
SA,12/8,Balsora_2016,155,1.7865983183983012,1.7486299860997443,1.7805761583821151
SA,12/8,Balsora_2017,155,1.8298401043388817,1.800672956493249,1.8047621821748057
SA,12/8,Porvenir_2020,155,0.8672703964435832,0.8349816732626787,0.8507327637496713
SA,12/8,Porvenir_2021,155,1.1897936713185464,1.1773478806190587,1.2114039863534984
SA,12/8,Taula_2018,155,1.3788935663445465,1.3625447746708903,1.3493474409678714
SA,12/8,Taula_2019,155,1.1961934431950259,1.1662026782421913,1.1117812684150956
SA,16/0,Balsora_2016,155,1.68069514342709,1.5240032272991515,1.687696500756303
SA,16/0,Balsora_2017,155,1.705569181375891,1.5671159301311137,1.6935865647830264
SA,16/0,Porvenir_2020,155,0.9392277844608381,0.8668983099493001,0.8312950195045227
SA,16/0,Porvenir_2021,155,1.175032549375797,1.1041665016290036,1.1437026848525043
SA,16/0,Taula_2018,155,1.3497585925990623,1.2897595384355798,1.2890330824977903
SA,16/0,Taula_2019,155,1.2343297578526131,1.0698762249574392,0.9673219218814025
SA,16/12,Balsora_2016,155,1.7099562792025207,1.5889113659639806,1.6788726505045095
SA,16/12,Balsora_2017,155,1.7253477620382989,1.6205604450264923,1.698493230952863
SA,16/12,Porvenir_2020,155,0.8151145390178597,0.7420197152606544,0.783263827251616
SA,16/12,Porvenir_2021,155,1.1744109902237068,1.1169883131069691,1.1483529080503057
SA,16/12,Taula_2018,155,1.328182165554504,1.2758971564319952,1.2905870546045786
SA,16/12,Taula_2019,155,1.1098127048517916,1.0036949546951883,0.9513432366719191
SA,16/15,Balsora_2016,155,1.7089444383383954,1.591924804955633,1.6507925897519187
SA,16/15,Balsora_2017,155,1.7254760754862535,1.6180635956001115,1.7040686789293482
SA,16/15,Porvenir_2020,155,0.8185709393677227,0.7441675619806086,0.7795870146205105
SA,16/15,Porvenir_2021,155,1.1353517262735717,1.0706892801066372,1.1235930583970744
SA,16/15,Taula_2018,155,1.3266618690671732,1.2823011271140783,1.2797950798419069
SA,16/15,Taula_2019,155,1.0953787235417956,0.998955399201628,0.9224736464694868
SA,16/4,Balsora_2016,155,1.708704327888417,1.5822921012348894,1.7025744600880883
SA,16/4,Balsora_2017,155,1.7985661398434523,1.6753520389126044,1.7588201992908379
SA,16/4,Porvenir_2020,155,0.8620461477174668,0.7966449923420308,0.828164131887622
SA,16/4,Porvenir_2021,155,1.181707078237278,1.1190204892703093,1.1609816482178787
SA,16/4,Taula_2018,155,1.3365800947511206,1.2859905079428708,1.3094500578965906
SA,16/4,Taula_2019,155,1.1675143386156308,1.0461058865646204,0.9932465271468064
SA,16/8,Balsora_2016,155,1.709293936205557,1.5721967631080778,1.6414814364259114
SA,16/8,Balsora_2017,155,1.7427035044603012,1.6198635160069705,1.667524812630399
SA,16/8,Porvenir_2020,155,0.8697890490370281,0.7948181257049579,0.8172069999663406
SA,16/8,Porvenir_2021,155,1.163971889394706,1.1083724439496139,1.138703120780081
SA,16/8,Taula_2018,155,1.3301213279887851,1.2776391371919695,1.2846858384384048
SA,16/8,Taula_2019,155,1.1246216831447224,1.0010694670752924,0.9454231046891395
SA,20/0,Balsora_2016,155,1.6227268967130406,1.3813266157818973,1.5310086160882344
SA,20/0,Balsora_2017,155,1.67281160946313,1.4939235361580288,1.5828182661970933
SA,20/0,Porvenir_2020,155,0.85187427014649,0.8080748781920861,0.6916530584996842
SA,20/0,Porvenir_2021,155,1.2138517469901278,1.1579741860652162,1.1361134076549
SA,20/0,Taula_2018,155,1.376492973512102,1.3028933322222833,1.2748660643427643
SA,20/0,Taula_2019,155,1.1827481294975448,0.9418308008851124,0.9173121236742411
SA,20/11,Balsora_2016,155,1.6315107652219196,1.4483544443867318,1.537890900249242
SA,20/11,Balsora_2017,155,1.646830143336609,1.4926346771847028,1.6026872325338182
SA,20/11,Porvenir_2020,155,0.7702036081415327,0.7106734560967994,0.6903649886872266
SA,20/11,Porvenir_2021,155,1.1015797959616738,1.0344169796847786,1.08392106273895
SA,20/11,Taula_2018,155,1.3286792844019661,1.2710811204922619,1.2790040991392289
SA,20/11,Taula_2019,155,1.0227495864811915,0.89286088511839945,0.8648848502597148
SA,20/4,Balsora_2016,155,1.6334222799981777,1.426652802278978,1.51373984092882
SA,20/4,Balsora_2017,155,1.6646224746552225,1.4876913447400062,1.5469308374637758
SA,20/4,Porvenir_2020,155,0.7880725141028928,0.762512433134724,0.7113514341719785
SA,20/4,Porvenir_2021,155,1.1583366666320882,1.0969858196235676,1.1078872485303248
SA,20/4,Taula_2018,155,1.3304050401708665,1.2792289875311535,1.2651593023231054
SA,20/4,Taula_2019,155,1.0658112312756807,0.9029883681046988,0.8919191566692085
SA,20/8,Balsora_2016,155,1.6962654395444532,1.476359836809122,1.649533026041833
SA,20/8,Balsora_2017,155,1.7174471224319916,1.5282024949704285,1.688199856221839
SA,20/8,Porvenir_2020,155,0.7415064703907975,0.6860953173717078,0.6817224299543806
SA,20/8,Porvenir_2021,155,1.1341542858543623,1.0546423689000493,1.1498957860806593
SA,20/8,Taula_2018,155,1.335056057907248,1.265350107345132,1.2950103346025923
SA,20/8,Taula_2019,155,1.0678891612151193,0.910156352953578,0.9245313472227116
SA,24/0,Balsora_2016,155,1.55100789109874,1.3594533499989758,1.468187082474784
SA,24/0,Balsora_2017,155,1.6410712822928952,1.4652207566404811,1.5400577713173913
SA,24/0,Porvenir_2020,155,0.8511621065435254,0.8617573243861033,0.7107810530143378
SA,24/0,Porvenir_2021,155,1.1902419056690785,1.167160281050059,1.1152235938537223
SA,24/0,Taula_2018,155,1.2327312651452076,1.2279144629003966,1.200541644894643
SA,24/0,Taula_2019,155,1.0964020716266112,0.9598486540080152,0.8985955986490747
SA,24/4,Balsora_2016,155,1.6140345827164058,1.4135279393568323,1.5523250012981948
SA,24/4,Balsora_2017,155,1.6467730665365539,1.4806763316539453,1.5937222685072872
SA,24/4,Porvenir_2020,155,0.756836177611264,0.7381452403576612,0.6668684693735352
SA,24/4,Porvenir_2021,155,1.1279662930620256,1.0803544932669096,1.1192986591868277
SA,24/4,Taula_2018,155,1.2197845065141473,1.1774819630305198,1.2157920840721899
SA,24/4,Taula_2019,155,1.085351766330995,0.9584114485626032,0.9219169544082294
SA,24/7,Balsora_2016,155,1.575142857304529,1.380911133659292,1.4416973082725568
SA,24/7,Balsora_2017,155,1.6161786560289846,1.4534041137741143,1.5465621564869818
SA,24/7,Porvenir_2020,155,0.7828368427345049,0.7714230905422474,0.6905678028262915
SA,24/7,Porvenir_2021,155,1.0930807439497254,1.053364990250104,1.048469193166334
SA,24/7,Taula_2018,155,1.209112165496861,1.1777447742698177,1.193050075577737
SA,24/7,Taula_2019,155,1.0084994149478383,0.8957233762551315,0.8495999031199064
SA,28/0,Balsora_2016,155,1.4298303012846132,1.270109625992606,1.279325606924311
SA,28/0,Balsora_2017,155,1.4908104983412451,1.3383381745980403,1.3875631249171614
SA,28/0,Porvenir_2020,155,0.8423291862135578,0.9695159324148216,0.7855254712044092
SA,28/0,Porvenir_2021,155,1.169169890087419,1.198897473075244,1.1219168793474514
SA,28/0,Taula_2018,155,1.2341483008335197,1.281962722219235,1.2231685031467792
SA,28/0,Taula_2019,155,1.063562329498041,0.9580821687716549,0.8968397408995552
SA,28/3,Balsora_2016,155,1.3841973851634184,1.2245355171729682,1.2162932118641514
SA,28/3,Balsora_2017,155,1.477248768204437,1.330865792167056,1.398463573180059
SA,28/3,Porvenir_2020,155,0.8333080146846814,0.9048540331284224,0.7813783173110612
SA,28/3,Porvenir_2021,155,1.1020500917275446,1.1145211044028327,1.0474530550510022
SA,28/3,Taula_2018,155,1.2128373858846742,1.2459573049063757,1.2117983534882912
SA,28/3,Taula_2019,155,0.9422381303103996,0.8683295948726683,0.8293966698126027
SA,31/0,Balsora_2016,155,1.3466431485889827,1.2890787321888932,1.258971802740111
SA,31/0,Balsora_2017,155,1.427461714752328,1.3521921774556578,1.3935702872229152
SA,31/0,Porvenir_2020,155,0.8756277191244697,0.9732932950943054,0.7648756648263458
SA,31/0,Porvenir_2021,155,1.184324919855282,1.2340147912865127,1.147322434943201
SA,31/0,Taula_2018,155,1.235418507007142,1.2725540304319438,1.2137073558753804
SA,31/0,Taula_2019,155,1.0079417557743096,0.9688160227459652,0.8811530623747242
SA,4/12,Balsora_2016,155,1.8582862482726032,1.8559907052087068,1.8556750743622175
SA,4/12,Balsora_2017,155,1.862136092140743,1.8666494457077247,1.853743948171329
SA,4/12,Porvenir_2020,155,0.8971468280598,0.8977778844836835,0.9103541390528174
SA,4/12,Porvenir_2021,155,1.1979600022164376,1.2030081891624242,1.2046211443067516
SA,4/12,Taula_2018,155,1.5985036404669188,1.583071289019757,1.601927307971938
SA,4/12,Taula_2019,155,1.2664546370325924,1.2643184340123315,1.2745787700661841
SA,4/16,Balsora_2016,155,1.8568795222551435,1.85674201909255,1.848892543422673
SA,4/16,Balsora_2017,155,1.8926812804614273,1.895592556025032,1.8770426328461616
SA,4/16,Porvenir_2020,155,0.9002640643212712,0.897639548802764,0.8916675049386853
SA,4/16,Porvenir_2021,155,1.2118912685532641,1.217324994187588,1.2122034703088014
SA,4/16,Taula_2018,155,1.5037725582934884,1.4886180458555407,1.490548197871022
SA,4/16,Taula_2019,155,1.2636109319979854,1.2612464707214943,1.2602056991243664
SA,4/20,Balsora_2016,155,1.8668842189091164,1.8667895322367563,1.8686911516738658
SA,4/20,Balsora_2017,155,1.8551254109698088,1.8641206514171413,1.8415495316000234
SA,4/20,Porvenir_2020,155,0.8870835802150244,0.8913087552934711,0.8930496377909759
SA,4/20,Porvenir_2021,155,1.1928598880591776,1.2046465868757747,1.1974658086385561
SA,4/20,Taula_2018,155,1.5221902882795664,1.5082110177974941,1.5088880932316417
SA,4/20,Taula_2019,155,1.2662616590458993,1.2669065001277915,1.2639202101105471
SA,4/24,Balsora_2016,155,1.8615414738137757,1.8534746460512541,1.8429249242134356
SA,4/24,Balsora_2017,155,1.8578933816808867,1.8545949979246033,1.8526084368617697
SA,4/24,Porvenir_2020,155,0.8745661755196198,0.8694933830862994,0.8855649227359055
SA,4/24,Porvenir_2021,155,1.2124529700797695,1.2134885812186686,1.2156393587785872
SA,4/24,Taula_2018,155,1.459918059052837,1.4500421904587901,1.438058171517608
SA,4/24,Taula_2019,155,1.265583199484963,1.2628185958434768,1.2668877042017577
SA,4/27,Balsora_2016,155,1.8556608548243523,1.8520804219342897,1.8290470374895214
SA,4/27,Balsora_2017,155,1.8549939844861107,1.8502910381123572,1.862256073290118
SA,4/27,Porvenir_2020,155,0.8725735493655462,0.8699688798122063,0.8855830785972997
SA,4/27,Porvenir_2021,155,1.1909949648510287,1.1909044178456316,1.1985724689439015
SA,4/27,Taula_2018,155,1.4399536586613217,1.43971519874195,1.425328839470327
SA,4/27,Taula_2019,155,1.2617099113351453,1.260456774397399,1.2482357803821211
SA,4/8,Balsora_2016,155,1.8571971983368067,1.8411867019548314,1.8213453195199458
SA,4/8,Balsora_2017,155,1.8599786615645821,1.8467647511427057,1.8239290526290093
SA,4/8,Porvenir_2020,155,0.9458598354911767,0.934268599033784,0.9474283324315685
SA,4/8,Porvenir_2021,155,1.2298155176432193,1.228945065976766,1.2486818058708038
SA,4/8,Taula_2018,155,1.6826585323892307,1.6867610416220202,1.6768078535550015
SA,4/8,Taula_2019,155,1.2689956511403164,1.2555534971261975,1.260843844261953
SA,8/12,Balsora_2016,155,1.848653068751644,1.8371809337068656,1.825084029387943
SA,8/12,Balsora_2017,155,1.8493093037391544,1.837163755297317,1.8295726584995644
SA,8/12,Porvenir_2020,155,0.9082869325332298,0.8996963687959805,0.9097174812708027
SA,8/12,Porvenir_2021,155,1.1871575453883658,1.1874863933758384,1.1997890733742442
SA,8/12,Taula_2018,155,1.3945688165420458,1.387054372905697,1.3804280161681262
SA,8/12,Taula_2019,155,1.2528821559938352,1.2482405386538509,1.2555255431715702
SA,8/16,Balsora_2016,155,1.8539293700740027,1.8421438535293857,1.8414754814122387
SA,8/16,Balsora_2017,155,1.8315969257061264,1.813034469187917,1.7993933320501292
SA,8/16,Porvenir_2020,155,0.9110557181072034,0.9052302620493964,0.9120219903063189
SA,8/16,Porvenir_2021,155,1.1891413783457283,1.1843962106256982,1.1997976995288586
SA,8/16,Taula_2018,155,1.403406434495887,1.390683706290916,1.3869615242966578
SA,8/16,Taula_2019,155,1.2536711561181066,1.2443120025201773,1.2469540086210782
SA,8/20,Balsora_2016,155,1.8512756899436342,1.8406978185703395,1.8188488685074011
SA,8/20,Balsora_2017,155,1.8632411208259858,1.8509988262302823,1.8336817543247985
SA,8/20,Porvenir_2020,155,0.8798460002629545,0.87172079708518,0.8747851238484311
SA,8/20,Porvenir_2021,155,1.213536927640271,1.2052476231192286,1.206985834434005
SA,8/20,Taula_2018,155,1.404084298635876,1.3920894230009784,1.378669419059595
SA,8/20,Taula_2019,155,1.2410336780700677,1.2321845444093942,1.229718073037486
SA,8/23,Balsora_2016,155,1.848056879653292,1.8329015270993334,1.8046136882305843
SA,8/23,Balsora_2017,155,1.826803106347914,1.8099403225621673,1.8072580431257952
SA,8/23,Porvenir_2020,155,0.8895146872894109,0.8768723816295613,0.8910011203763429
SA,8/23,Porvenir_2021,155,1.1847114944217476,1.1784459052560385,1.1908188598871614
SA,8/23,Taula_2018,155,1.392885874393369,1.3851780787183356,1.378950609795717
SA,8/23,Taula_2019,155,1.2587942058110526,1.249216595516175,1.231112608238312
SA,8/4,Balsora_2016,155,1.845083044473079,1.8292902437069603,1.821928037156046
SA,8/4,Balsora_2017,155,1.8032275775174724,1.7848691241317831,1.7658305141047066
SA,8/4,Porvenir_2020,155,0.9660966597076113,0.9450879771296435,0.9658968832463933
SA,8/4,Porvenir_2021,155,1.1920332699560248,1.1791647773961533,1.1896323165606193
SA,8/4,Taula_2018,155,1.3978765732869054,1.381937019772427,1.3805120115318372
SA,8/4,Taula_2019,155,1.2897626771358197,1.2627937176789923,1.2784072182673123
SA,8/8,Balsora_2016,155,1.8495003134865264,1.8453169669942424,1.8495235521434386
SA,8/8,Balsora_2017,155,1.9109241631499814,1.9083434869946938,1.8777701648026353
SA,8/8,Porvenir_2020,155,0.9199175295002453,0.9181865429406115,0.8934046717219559
SA,8/8,Porvenir_2021,155,1.1897087292318587,1.194493079737607,1.187875128421349
SA,8/8,Taula_2018,155,1.4222608539936672,1.4113248423507296,1.4149029551085415
SA,8/8,Taula_2019,155,1.2366628108343372,1.2404173055429828,1.2342634366807317
TCH,0/12,Balsora_2016,155,30.132756588960117,29.24465733388046,29.492797910210072
TCH,0/12,Balsora_2017,155,24.32785268984618,25.68477259863306,24.86865889458476
TCH,0/12,Porvenir_2020,155,12.768060001772838,14.12784398970039,12.957555679405512
TCH,0/12,Porvenir_2021,155,6.457477021303432,6.088627556676398,6.039787905263756
TCH,0/12,Taula_2018,155,14.599389730223818,15.532648881164246,14.710674890264448
TCH,0/12,Taula_2019,155,13.041934272714366,13.516045963642123,13.086959664155215
TCH,0/16,Balsora_2016,155,28.9262024112056,29.094026592928632,29.17372094216974
TCH,0/16,Balsora_2017,155,23.724736082476763,23.640392890579623,23.525367736087254
TCH,0/16,Porvenir_2020,155,12.990718303621946,12.81024621684559,12.831741815855505
TCH,0/16,Porvenir_2021,155,5.988519976949464,6.1702730754923465,6.211200993403323
TCH,0/16,Taula_2018,155,15.041414900307984,14.703809739367484,14.550975390104105
TCH,0/16,Taula_2019,155,13.058114541188692,12.79446828730591,12.734026872805595
TCH,0/20,Balsora_2016,155,29.34725749602665,29.144037017913668,29.6597429690963
TCH,0/20,Balsora_2017,155,23.727292415955354,23.557720813277733,23.441346637450295
TCH,0/20,Porvenir_2020,155,12.905656595911887,12.800241129774886,12.77772058061612
TCH,0/20,Porvenir_2021,155,5.919037711651026,5.774692156465109,5.847125833615489
TCH,0/20,Taula_2018,155,15.092188341048928,15.003350767707078,14.709223962457656
TCH,0/20,Taula_2019,155,12.911333451377171,12.815155704973176,12.765621797529313
TCH,0/24,Balsora_2016,155,29.11030369365912,29.081523576107188,29.3695881929508
TCH,0/24,Balsora_2017,155,23.80484247416055,23.650414582062083,23.667335527567122
TCH,0/24,Porvenir_2020,155,13.26959579676396,13.133767436527895,13.533808032739785
TCH,0/24,Porvenir_2021,155,5.91747924955186,5.924587505075107,6.047369648032345
TCH,0/24,Taula_2018,155,14.920497438936927,14.72864456613069,14.403734408823263
TCH,0/24,Taula_2019,155,13.024296591459755,12.928383322445933,12.88129526998787
TCH,0/28,Balsora_2016,155,28.99219265297076,28.846036295001788,28.991001874937158
TCH,0/28,Balsora_2017,155,23.7228493884897,23.531454253971273,23.2117805280006
TCH,0/28,Porvenir_2020,155,12.937530343434682,12.976506463895701,13.422183521159637
TCH,0/28,Porvenir_2021,155,5.854042751846667,5.8243034312458155,5.983966801592136
TCH,0/28,Taula_2018,155,14.710694566623939,14.70489488413844,14.278085784181775
TCH,0/28,Taula_2019,155,12.977896778342817,12.958040442971729,12.94200279973878
TCH,0/31,Balsora_2016,155,29.090836602490548,29.051089331542432,29.383425441760643
TCH,0/31,Balsora_2017,155,23.71462090999162,23.480072196755284,23.220172511809054
TCH,0/31,Porvenir_2020,155,12.977803100632388,13.171355603180777,13.353735100396541
TCH,0/31,Porvenir_2021,155,5.879706886182018,5.872916229590337,5.863529248822444
TCH,0/31,Taula_2018,155,14.6757606233922,14.679683680979208,14.232420431469967
TCH,0/31,Taula_2019,155,12.996241799853903,13.034487041253715,12.888442103852157
TCH,12/0,Balsora_2016,155,29.326508507207002,28.71091977612557,29.742878742530202
TCH,12/0,Balsora_2017,155,23.954556513191214,23.69223432000426,23.457857853248594
TCH,12/0,Porvenir_2020,155,14.989785281439033,15.197910704996584,13.548158976745539
TCH,12/0,Porvenir_2021,155,11.654161564558166,11.716418543496518,8.957256082160026
TCH,12/0,Taula_2018,155,16.692977758375935,16.604952277902353,15.323688742164704
TCH,12/0,Taula_2019,155,15.34379002967002,15.210039278451726,13.745391387216234
TCH,12/12,Balsora_2016,155,27.511406535020562,27.467734361396104,27.979844751248066
TCH,12/12,Balsora_2017,155,24.030363381129977,23.969391267245108,23.825037772475508
TCH,12/12,Porvenir_2020,155,13.426156009421039,13.417507902935114,13.40475392151591
TCH,12/12,Porvenir_2021,155,8.792143673844718,8.849435691055422,8.197174687240597
TCH,12/12,Taula_2018,155,15.217298630001928,15.196905140313113,14.806619983029538
TCH,12/12,Taula_2019,155,13.217103516477684,13.351389320205426,13.047015384638575
TCH,12/16,Balsora_2016,155,27.88921106329548,27.694956842945274,28.116440326717253
TCH,12/16,Balsora_2017,155,23.673000931695594,23.464221194536755,23.453104597814804
TCH,12/16,Porvenir_2020,155,13.397672819293845,13.36553437902973,13.162663340556637
TCH,12/16,Porvenir_2021,155,9.049625309270214,9.089444643049609,8.394004221377743
TCH,12/16,Taula_2018,155,15.293546135736818,15.230095771979174,14.629163398817761
TCH,12/16,Taula_2019,155,13.008980173398252,12.932085174765993,12.611639275908693
TCH,12/19,Balsora_2016,155,27.532384693011597,27.456879174090467,28.21762925272722
TCH,12/19,Balsora_2017,155,24.01175617629541,23.937997136547935,23.854819924496045
TCH,12/19,Porvenir_2020,155,13.362828563682513,13.280065087734807,13.189886963520607
TCH,12/19,Porvenir_2021,155,8.628318299935811,8.671661009294143,8.247318088426141
TCH,12/19,Taula_2018,155,15.227546756880388,15.214838483823257,15.032668828835714
TCH,12/19,Taula_2019,155,12.914369041562072,12.848927523403521,12.506702988864369
TCH,12/4,Balsora_2016,155,29.66471019367827,29.464536434170242,29.457707445830827
TCH,12/4,Balsora_2017,155,24.038721587994345,24.13211422844507,23.380111414504974
TCH,12/4,Porvenir_2020,155,13.778317347369198,13.619837104532252,12.952480990400883
TCH,12/4,Porvenir_2021,155,9.67388060802591,9.700965863783898,8.387770513144346
TCH,12/4,Taula_2018,155,15.659446338402455,15.545918922788697,15.129155463607697
TCH,12/4,Taula_2019,155,13.147426604941659,13.154857352327458,12.724813237234706
TCH,12/8,Balsora_2016,155,27.826954077749736,27.70177316814861,28.670456220980938
TCH,12/8,Balsora_2017,155,23.992494065321946,24.00268278052048,23.626279816251174
TCH,12/8,Porvenir_2020,155,13.38405623912891,13.43722394790234,13.218151455006668
TCH,12/8,Porvenir_2021,155,8.687068435061192,8.835280011797646,7.833842767309858
TCH,12/8,Taula_2018,155,15.43104304539836,15.522706960771208,15.32867056566925
TCH,12/8,Taula_2019,155,13.474846950697302,13.331110018139862,12.951611378257278
TCH,16/0,Balsora_2016,155,27.32341880616135,27.192048861949512,27.571560135504185
TCH,16/0,Balsora_2017,155,23.627968135737003,23.124101519590916,22.67177253309713
TCH,16/0,Porvenir_2020,155,15.779825978871623,15.652507235511465,14.135830732670627
TCH,16/0,Porvenir_2021,155,12.009293301291738,11.808641107038465,9.054283983180637
TCH,16/0,Taula_2018,155,16.365146212727307,16.233291518638254,15.082923549246903
TCH,16/0,Taula_2019,155,15.111284693495213,14.686811812611532,13.235072373491182
TCH,16/12,Balsora_2016,155,27.218605219309147,27.016625520074143,27.55726952199997
TCH,16/12,Balsora_2017,155,23.24545019994777,22.687479310979146,22.795356179502402
TCH,16/12,Porvenir_2020,155,14.338699371985024,14.252176673760342,13.825831644326302
TCH,16/12,Porvenir_2021,155,10.155767272882079,10.064890819092026,9.24730787963658
TCH,16/12,Taula_2018,155,15.426196825299884,15.384122439227024,14.67521100051015
TCH,16/12,Taula_2019,155,13.539726506266788,13.263159613277544,12.8253487469344
TCH,16/15,Balsora_2016,155,27.23869333455737,26.886223934412264,27.35854891227026
TCH,16/15,Balsora_2017,155,23.274928833597627,22.729729533892844,22.6518968323628
TCH,16/15,Porvenir_2020,155,14.236978771050318,14.19781367460111,13.633605492792277
TCH,16/15,Porvenir_2021,155,9.768477142997606,9.695441247991441,8.975176293405784
TCH,16/15,Taula_2018,155,15.261697564409248,15.189670784090055,14.74422228188296
TCH,16/15,Taula_2019,155,13.283764684252706,12.997104267998447,12.551262425063477
TCH,16/4,Balsora_2016,155,27.27791525435608,27.17801088588892,27.679123244144463
TCH,16/4,Balsora_2017,155,23.419428294840625,22.946032781401993,22.82411854316275
TCH,16/4,Porvenir_2020,155,14.961612865457333,14.823594109402487,13.728219701765457
TCH,16/4,Porvenir_2021,155,10.848977835160579,10.721286421572096,8.784610825307434
TCH,16/4,Taula_2018,155,16.05626171171121,16.077805620257628,15.007133755284393
TCH,16/4,Taula_2019,155,14.285172711997406,14.054198286852714,13.326557715584437
TCH,16/8,Balsora_2016,155,27.123384009225934,26.875614572220947,27.45262470704796
TCH,16/8,Balsora_2017,155,23.375201520280726,22.792867834108048,22.72240343211238
TCH,16/8,Porvenir_2020,155,14.790445219462283,14.624415896913726,13.886223863709617
TCH,16/8,Porvenir_2021,155,10.588959940580851,10.557493929145293,9.028820651155987
TCH,16/8,Taula_2018,155,15.676461073042251,15.570745227382089,14.651718360408365
TCH,16/8,Taula_2019,155,13.793992342839886,13.575551119891891,13.241164404472695
TCH,20/0,Balsora_2016,155,27.013621629826773,26.641851389543454,27.02958966913526
TCH,20/0,Balsora_2017,155,23.10950291370644,22.82347667500264,22.260517235687132
TCH,20/0,Porvenir_2020,155,15.645696862878872,15.798931551348215,13.75241627315609
TCH,20/0,Porvenir_2021,155,12.548648034725096,12.665561872839847,8.789647872215664
TCH,20/0,Taula_2018,155,16.020872581949533,15.883813388772255,14.309928653859084
TCH,20/0,Taula_2019,155,15.251655773799415,14.882997152908763,12.848373709398167
TCH,20/11,Balsora_2016,155,27.045228375457725,26.65229500347559,26.795533900891485
TCH,20/11,Balsora_2017,155,23.22363771422092,22.764322858600966,22.572662828085377
TCH,20/11,Porvenir_2020,155,13.889246094741003,13.94888757783963,13.312436499243683
TCH,20/11,Porvenir_2021,155,10.275507087874304,10.400348290601256,8.856432005310733
TCH,20/11,Taula_2018,155,15.137710295208608,15.158183562941026,14.378102771533014
TCH,20/11,Taula_2019,155,13.422782588678702,13.255592474940132,12.497389029922662
TCH,20/4,Balsora_2016,155,27.06904359844833,26.706667805576306,26.70766218107462
TCH,20/4,Balsora_2017,155,23.29587715745445,22.843840145400073,22.47771139460784
TCH,20/4,Porvenir_2020,155,15.034391462534353,14.938340399117845,13.682689857008837
TCH,20/4,Porvenir_2021,155,12.169924811265206,11.9238675198155,9.211239748137265
TCH,20/4,Taula_2018,155,16.21992722064538,15.931330369531508,14.627268005209089
TCH,20/4,Taula_2019,155,14.647852354889116,14.377808504297837,12.972692821736388
TCH,20/8,Balsora_2016,155,27.355882184496245,27.08257967525667,26.923859998801085
TCH,20/8,Balsora_2017,155,23.00092947056799,22.652148198554013,22.3316094887107
TCH,20/8,Porvenir_2020,155,14.655665006838081,14.689677174735516,13.975507790392145
TCH,20/8,Porvenir_2021,155,11.334927160484783,11.320338002091663,9.796704049703282
TCH,20/8,Taula_2018,155,15.761293639740652,15.64115094273785,14.74282427055175
TCH,20/8,Taula_2019,155,14.28458577335475,14.067525941486071,13.112437704572466
TCH,24/0,Balsora_2016,155,26.077826566873206,25.914402579406133,26.29561467548577
TCH,24/0,Balsora_2017,155,21.978393913325394,21.5081233346975,21.315389366104185
TCH,24/0,Porvenir_2020,155,15.94055352890834,15.750305585365831,13.729510173379461
TCH,24/0,Porvenir_2021,155,13.185099769107108,12.917968101138577,9.054305291791628
TCH,24/0,Taula_2018,155,16.14438266130449,15.890053213469683,14.067362919667966
TCH,24/0,Taula_2019,155,14.732935566237671,14.381799823195468,12.203272477541292
TCH,24/4,Balsora_2016,155,26.660928727480716,26.440997987786496,26.162057038019363
TCH,24/4,Balsora_2017,155,21.89789593831383,21.493910632465468,21.18939456114175
TCH,24/4,Porvenir_2020,155,15.63299862445479,15.774160166951434,14.459272724736996
TCH,24/4,Porvenir_2021,155,12.36803293793188,12.48472352702071,9.808728106167198
TCH,24/4,Taula_2018,155,16.499951039581795,16.49793766708092,14.937583579990367
TCH,24/4,Taula_2019,155,14.193420054147312,13.93203325945875,12.508059481704391
TCH,24/7,Balsora_2016,155,26.06091919030935,25.781526628473234,26.020560276394395
TCH,24/7,Balsora_2017,155,21.95689337314909,21.531528625027722,21.53494676556811
TCH,24/7,Porvenir_2020,155,14.054081253057708,14.187932933143832,13.408159705515695
TCH,24/7,Porvenir_2021,155,10.462745198900999,10.757483155743895,8.90168001158132
TCH,24/7,Taula_2018,155,14.72404983294742,14.798044609582448,13.94254917128093
TCH,24/7,Taula_2019,155,12.98877250215931,12.918735892554887,12.08951804734638
TCH,28/0,Balsora_2016,155,26.444990746402652,26.295159917916894,26.618266432517704
TCH,28/0,Balsora_2017,155,21.6853448888679,21.165473622445116,21.277562459657624
TCH,28/0,Porvenir_2020,155,16.166263708431384,15.904737218377278,13.848083893857789
TCH,28/0,Porvenir_2021,155,13.125867652090502,12.566288140881014,8.800243967572921
TCH,28/0,Taula_2018,155,15.896544287356127,15.553768863417572,13.894748738644461
TCH,28/0,Taula_2019,155,15.08006535897062,14.225853842968766,12.524941296265585
TCH,28/3,Balsora_2016,155,26.438538922272773,26.235074911002524,26.58243645226027
TCH,28/3,Balsora_2017,155,21.65798216676899,21.272545855967504,21.19811951140604
TCH,28/3,Porvenir_2020,155,14.389609438086591,14.679123620654849,13.636999067210347
TCH,28/3,Porvenir_2021,155,10.709746843815532,11.19143627707311,8.731476158229869
TCH,28/3,Taula_2018,155,14.702414028846764,14.855419504784876,13.824779908524604
TCH,28/3,Taula_2019,155,12.97351665796496,12.916743269220998,11.810562902284591
TCH,31/0,Balsora_2016,155,26.77128291422772,26.610888699143807,26.740171566687007
TCH,31/0,Balsora_2017,155,21.72514701147183,21.472049771275035,21.483791040430688
TCH,31/0,Porvenir_2020,155,16.504088520021043,16.26571683997516,14.093349083098937
TCH,31/0,Porvenir_2021,155,13.006390036623207,12.669264768848164,8.929702009719097
TCH,31/0,Taula_2018,155,15.420380947068981,15.222634331184135,13.569599544553496
TCH,31/0,Taula_2019,155,14.852314122464566,14.297291386661328,12.369658484443399
TCH,4/12,Balsora_2016,155,28.697101506231217,28.779474958687924,28.83148680104197
TCH,4/12,Balsora_2017,155,23.601066370883363,23.452107774264302,23.28452085551811
TCH,4/12,Porvenir_2020,155,13.177598527672659,13.310012074332755,13.06305608253541
TCH,4/12,Porvenir_2021,155,6.906838421497857,7.35318273214422,6.628786323609636
TCH,4/12,Taula_2018,155,14.566039413775947,14.56804208887892,14.192799308270823
TCH,4/12,Taula_2019,155,12.805901202928112,13.001129473166172,12.69351430229261
TCH,4/16,Balsora_2016,155,28.743529435891585,28.757678354340698,29.27543075274821
TCH,4/16,Balsora_2017,155,23.63421826084527,23.557076692451748,23.41084805757459
TCH,4/16,Porvenir_2020,155,13.411726478533982,13.469505088402322,13.162962925889818
TCH,4/16,Porvenir_2021,155,6.928123516373669,7.168217071253533,6.822173100614009
TCH,4/16,Taula_2018,155,14.86765580626006,14.728024248276299,14.34473274003928
TCH,4/16,Taula_2019,155,12.808106259957844,12.888503952210954,12.689940890729163
TCH,4/20,Balsora_2016,155,28.69668872380691,28.681372960799283,29.222131913103798
TCH,4/20,Balsora_2017,155,23.56290031652159,23.421984513110743,23.257030925933517
TCH,4/20,Porvenir_2020,155,13.61808698823772,13.547002084912302,13.44578867736284
TCH,4/20,Porvenir_2021,155,6.953765254911588,7.157406391918223,6.570366842647689
TCH,4/20,Taula_2018,155,14.548453793388115,14.517591136485171,13.874474412138252
TCH,4/20,Taula_2019,155,12.729219326795095,12.823969011219262,12.475535966602145
TCH,4/24,Balsora_2016,155,28.81548925917685,28.657609418329674,29.217941515103494
TCH,4/24,Balsora_2017,155,23.497048500010266,23.287625408391236,23.245969725588008
TCH,4/24,Porvenir_2020,155,13.250348322717478,13.191388772785333,13.21356469054111
TCH,4/24,Porvenir_2021,155,6.8812009976991675,6.9421603939391545,6.7970627448739815
TCH,4/24,Taula_2018,155,14.537830922981417,14.458062076667822,13.856478728876205
TCH,4/24,Taula_2019,155,12.745198767260897,12.743595916297416,12.603631554305851
TCH,4/27,Balsora_2016,155,28.816794303377407,28.77106065660751,29.343913722363908
TCH,4/27,Balsora_2017,155,23.442936645680714,23.283716681887235,23.194706216338812
TCH,4/27,Porvenir_2020,155,13.429250104089473,13.400569391652759,13.151956341565741
TCH,4/27,Porvenir_2021,155,6.782356829786376,7.039141916288467,6.654816697531306
TCH,4/27,Taula_2018,155,14.457656866548932,14.443792073754755,13.87051330873792
TCH,4/27,Taula_2019,155,12.85843229338497,12.886677439854836,12.77016349327261
TCH,4/8,Balsora_2016,155,29.04100304943237,29.078246073259503,29.175977287314343
TCH,4/8,Balsora_2017,155,25.774239548329643,25.847208298874733,25.473866199574232
TCH,4/8,Porvenir_2020,155,13.77356833892762,13.93122267997571,13.15695624036364
TCH,4/8,Porvenir_2021,155,7.6518806628233875,7.759589123533606,6.999166758038752
TCH,4/8,Taula_2018,155,14.649346288782263,14.977578612938077,14.13520459065822
TCH,4/8,Taula_2019,155,13.095499191064476,13.446650820485049,12.793541935467994
TCH,8/12,Balsora_2016,155,28.364972924891156,28.245021935194384,29.189609537565577
TCH,8/12,Balsora_2017,155,23.45241669833028,23.26388858925521,23.225698052529925
TCH,8/12,Porvenir_2020,155,13.34157345173232,13.54401609163204,13.106202162443253
TCH,8/12,Porvenir_2021,155,8.065181824199747,8.232178562011594,7.432051164096824
TCH,8/12,Taula_2018,155,15.510705694101622,15.479599229521593,14.94250125276788
TCH,8/12,Taula_2019,155,12.946110752879274,12.908823809028823,12.813886781218146
TCH,8/16,Balsora_2016,155,28.367969080355778,28.173967063453468,28.805641912391323
TCH,8/16,Balsora_2017,155,23.463135050217463,23.350249976589996,23.06303986256603
TCH,8/16,Porvenir_2020,155,13.441097060666078,13.568407601116327,13.340135605240892
TCH,8/16,Porvenir_2021,155,7.93144378433625,8.212844256267259,7.5632474358449615
TCH,8/16,Taula_2018,155,15.188121828483542,15.200172388122093,14.660108456145652
TCH,8/16,Taula_2019,155,12.8490773312482,12.922778296023374,12.823674506506002
TCH,8/20,Balsora_2016,155,28.345341608044624,28.305527773800097,28.554787871091907
TCH,8/20,Balsora_2017,155,23.576472576835705,23.47022858761986,23.187143289849494
TCH,8/20,Porvenir_2020,155,13.185536887614992,13.179891472205194,13.16206930481263
TCH,8/20,Porvenir_2021,155,7.754198069888948,7.722093795399976,7.4425902164133095
TCH,8/20,Taula_2018,155,14.999419694443516,15.092730941749638,14.540735486156603
TCH,8/20,Taula_2019,155,12.699259185494416,12.662028523669898,12.538571174615987
TCH,8/23,Balsora_2016,155,28.45891582381817,28.35521550559335,29.06557802882555
TCH,8/23,Balsora_2017,155,23.496067095459587,23.3955717858457,23.168031901589178
TCH,8/23,Porvenir_2020,155,13.32559416334355,13.38304346053432,13.092655509406201
TCH,8/23,Porvenir_2021,155,7.728490887962022,7.770688484612733,7.349000784847123
TCH,8/23,Taula_2018,155,15.08665000057909,15.076728102985914,14.652487818376196
TCH,8/23,Taula_2019,155,12.916275795008026,12.794362998642924,12.636483838247054
TCH,8/4,Balsora_2016,155,29.138063877696375,29.37711672603737,29.120588042752136
TCH,8/4,Balsora_2017,155,23.961479083983164,23.809295509785116,23.42609795926007
TCH,8/4,Porvenir_2020,155,14.569480709187609,14.457298742978127,13.404310979624718
TCH,8/4,Porvenir_2021,155,9.985197533160633,10.0329689899424,8.156266173017666
TCH,8/4,Taula_2018,155,16.09059999018823,15.986101733880645,15.061851901815189
TCH,8/4,Taula_2019,155,13.744075084375417,13.596647853459167,13.128043479614256
TCH,8/8,Balsora_2016,155,28.40158799260362,28.214340793493268,28.22575560894663
TCH,8/8,Balsora_2017,155,23.817983309025625,23.749240050685366,23.53508266774631
TCH,8/8,Porvenir_2020,155,13.106715923195766,13.208610999689391,13.068726420165511
TCH,8/8,Porvenir_2021,155,7.923384387599316,8.140240317976438,7.436375741120978
TCH,8/8,Taula_2018,155,15.064977537897299,15.10853844255735,15.108594258574614
TCH,8/8,Taula_2019,155,12.733537249735098,12.752270989272603,12.726157666852576
