Trait,Marker,Chr,Pos,MAF,FDR,LOD,Bonferroni
B_height,M_03_3308146,3,3308146,0.4212328767123288,5.147985320683805,5.615937203224444,FALSE
B_height,M_05_986588,5,986588,0.38527397260273977,5.147985320683805,7.478679176999448,TRUE
B_height,M_05_2487910,5,2487910,0.2945205479452055,5.147985320683805,13.146660605173038,TRUE
B_height,M_08_11609006,8,11609006,0.12756849315068494,5.147985320683805,6.876431963039792,TRUE
B_height,M_08_20838429,8,20838429,0.351027397260274,5.147985320683805,5.338766067430797,FALSE
B_height,M_11_2440870,11,2440870,0.101027397260274,5.147985320683805,5.687203062927252,FALSE
B_height,M_14_28926364,14,28926364,0.348458904109589,5.147985320683805,6.586967788688848,TRUE
B_shape,M_01_9976460,1,9976460,0.05222602739726027,4.951690675539837,6.7199337469657765,TRUE
B_shape,M_04_14862225,4,14862225,0.09332191780821918,4.951690675539837,6.327712571457028,TRUE
B_shape,M_05_336776,5,336776,0.2696917808219178,4.951690675539837,5.902647880332858,FALSE
B_shape,M_08_10520542,8,10520542,0.18578767123287676,4.951690675539837,6.184967608048387,TRUE
B_shape,M_09_16162993,9,16162993,0.23972602739726023,4.951690675539837,6.750031642036685,TRUE
B_shape,M_10_16424430,10,16424430,0.1857876712328767,4.951690675539837,5.143001602732458,FALSE
B_shape,M_14_2453773,14,2453773,0.2928082191780822,4.951690675539837,9.118738641031863,TRUE
B_shape,M_16_16819874,16,16819874,0.08390410958904104,4.951690675539837,11.59424970475672,TRUE
B_shape,M_18_12709493,18,12709493,0.31421232876712324,4.951690675539837,5.98011026413134,FALSE
B_weight,M_15_485443,15,485443,0.288265306122449,5.993083360698062,7.724484814367871,TRUE
B_width,M_02_2926867,2,2926867,0.1190068493150685,4.951690675539837,7.632203402596,TRUE
B_width,M_05_872428,5,872428,0.4417808219178082,4.951690675539837,5.991011106305543,FALSE
B_width,M_06_4874960,6,4874960,0.285958904109589,4.951690675539837,7.666295464118071,TRUE
B_width,M_07_4139218,7,4139218,0.3818493150684932,4.951690675539837,7.386466298903431,TRUE
B_width,M_08_17678111,8,17678111,0.4529109589041096,4.951690675539837,8.219357882082917,TRUE
B_width,M_08_20850513,8,20850513,0.2405821917808219,4.951690675539837,7.115157004455203,TRUE
B_width,M_11_4447151,11,4447151,0.34589041095890416,4.951690675539837,19.1004994404155,TRUE
B_width,M_17_6092969,17,6092969,0.07191780821917808,4.951690675539837,6.3193688920437445,TRUE
B_width,M_18_7568138,18,7568138,0.4657534246575342,4.951690675539837,6.656561927123084,TRUE
B_width,M_18_25163895,18,25163895,0.20804794520547945,4.951690675539837,5.487370708497398,FALSE
B_width,M_18_26686497,18,26686497,0.4049657534246575,4.951690675539837,6.332403037017872,TRUE
H_cluster,M_02_351130,2,351130,0.288265306122449,5.089993373706118,5.235259945877368,FALSE
H_cluster,M_04_20111668,4,20111668,0.16326530612244897,5.089993373706118,7.138488109393994,TRUE
H_cluster,M_08_18000198,8,18000198,0.3945578231292517,5.089993373706118,5.665362052644399,FALSE
H_cluster,M_08_21589248,8,21589248,0.3120748299319728,5.089993373706118,7.482567222793398,TRUE
H_cluster,M_11_2000210,11,2000210,0.09693877551020412,5.089993373706118,5.098014550681198,FALSE
H_cluster,M_17_489172,17,489172,0.4821428571428571,5.089993373706118,5.5132373983088945,FALSE
H_cluster,M_18_19715793,18,19715793,0.3681972789115646,5.089993373706118,5.986208806902379,FALSE
H_rachis,M_12_5570431,12,5570431,0.3392857142857143,5.692053365034081,6.711933267718068,TRUE
H_rachis,M_16_1985967,16,1985967,0.05102040816326531,5.692053365034081,7.131643044480712,TRUE
P_cluster_loss,M_02_3949944,2,3949944,0.4263392857142857,5.515962105978399,6.874370725963712,TRUE
P_cluster_loss,M_11_7552711,11,7552711,0.17633928571428573,5.515962105978399,7.921618862724036,TRUE
P_cluster_loss,M_18_27103699,18,27103699,0.4017857142857143,5.515962105978399,11.587859492489489,TRUE
P_cluster_weight,M_18_949485,18,949485,0.09040178571428573,5.692053365034081,7.752222078141152,TRUE
P_cluster_weight,M_18_25170861,18,25170861,0.42857142857142855,5.692053365034081,14.527570956076067,TRUE
P_rachis_weight,M_02_2666566,2,2666566,0.06584821428571429,5.214932110314418,11.375665155030605,TRUE
P_rachis_weight,M_04_17435135,4,17435135,0.07924107142857142,5.214932110314418,9.961783332000712,TRUE
P_rachis_weight,M_09_7543821,9,7543821,0.2845982142857143,5.214932110314418,6.716684942505759,TRUE
P_rachis_weight,M_15_12041437,15,12041437,0.14620535714285715,5.214932110314418,7.749516340027573,TRUE
P_rachis_weight,M_18_26395984,18,26395984,0.4241071428571429,5.214932110314418,8.732904771465133,TRUE
P_rachis_weight,M_19_10748969,19,10748969,0.4642857142857143,5.214932110314418,6.689813843834049,TRUE
S_dry,M_01_19586589,1,19586589,0.18112244897959184,5.038840851258737,6.093087597395137,TRUE
S_dry,M_04_19371161,4,19371161,0.41326530612244894,5.038840851258737,5.8566155888936295,FALSE
S_dry,M_18_26395984,18,26395984,0.4489795918367347,5.038840851258737,12.610577571881745,TRUE
S_dry,M_18_26585996,18,26585996,0.2967687074829932,5.038840851258737,6.156856559069597,TRUE
S_dry,M_18_27016067,18,27016067,0.5,5.038840851258737,14.961967849429861,TRUE
S_dry,M_18_27641922,18,27641922,0.4064625850340136,5.038840851258737,7.934686218842335,TRUE
S_dry,M_19_5737748,19,5737748,0.26360544217687076,5.038840851258737,5.655755810132087,FALSE
S_fresh,M_01_22306525,1,22306525,0.4625850340136054,4.816992101642381,5.368518185214981,FALSE
S_fresh,M_02_6686801,2,6686801,0.3494897959183674,4.816992101642381,6.897487917740777,TRUE
S_fresh,M_09_7065439,9,7065439,0.06377551020408163,4.816992101642381,4.926589949762794,FALSE
S_fresh,M_11_13989722,11,13989722,0.3299319727891156,4.816992101642381,14.680896076044919,TRUE
S_fresh,M_13_8151231,13,8151231,0.04421768707482993,4.816992101642381,5.2915241435665035,FALSE
S_fresh,M_14_6659734,14,6659734,0.05272108843537415,4.816992101642381,6.842879769419432,TRUE
S_fresh,M_14_7345807,14,7345807,0.05272108843537415,4.816992101642381,6.635948117373176,TRUE
S_fresh,M_15_16996087,15,16996087,0.06802721088435375,4.816992101642381,5.06995639975026,FALSE
S_fresh,M_18_19681084,18,19681084,0.1130952380952381,4.816992101642381,6.889530122452882,TRUE
S_fresh,M_18_26994029,18,26994029,0.2916666666666667,4.816992101642381,5.587499902881682,FALSE
S_fresh,M_18_27016113,18,27016113,0.3613945578231293,4.816992101642381,7.766603035854511,TRUE
S_fresh,M_19_3265960,19,3265960,0.0663265306122449,4.816992101642381,6.842419918432569,TRUE
S_fresh,M_19_5737748,19,5737748,0.26360544217687076,4.816992101642381,5.773388169843681,FALSE
S_fresh,M_19_7843732,19,7843732,0.07142857142857142,4.816992101642381,6.911090933745844,TRUE
