Chr,Start,End,Trait,Marker,FDR,LOD,BONFE,gene_chr,gene_start,gene_end,gene,gene description,dist2snp,Alias,Name
1,9951460,10001460,B_shape,M_01_9976460,4.95169067553984,6.71993374696578,TRUE,1,9958225,10030522,Vitvi01g00836,NA,0,"VIT_01s0026g00800,VIT_01s0026g00760,VIT_01s0026g00770,LOC100246722",NA
1,19561589,19611589,S_dry,M_01_19586589,5.03884085125874,6.09308759739514,TRUE,1,19584338,19585799,Vitvi01g01459,NA,790,"VIT_01s0010g01840,LOC100248212",NA
1,19561589,19611589,S_dry,M_01_19586589,5.03884085125874,6.09308759739514,TRUE,1,19547528,19567434,Vitvi01g01458,NA,19155,"VIT_01s0010g01830,LOC100265010",NA
1,19561589,19611589,S_dry,M_01_19586589,5.03884085125874,6.09308759739514,TRUE,1,19609954,19614835,Vitvi01g02197,NA,23365,LOC100265393,NA
1,19561589,19611589,S_dry,M_01_19586589,5.03884085125874,6.09308759739514,TRUE,1,19590751,19607914,Vitvi01g02196,NA,4162,LOC100243095,NA
1,22281525,22331525,S_fresh,M_01_22306525,4.81699210164238,5.36851818521498,FALSE,1,22283829,22291379,Vitvi01g01662,NA,15146,"VIT_01s0010g03730,LOC100242085",NA
1,22281525,22331525,S_fresh,M_01_22306525,4.81699210164238,5.36851818521498,FALSE,1,22304288,22306564,Vitvi01g02270,NA,0,"VIT_01s0010g03750,LOC100241985",NA
1,22281525,22331525,S_fresh,M_01_22306525,4.81699210164238,5.36851818521498,FALSE,1,22322464,22324526,Vitvi01g02271,NA,15939,"VIT_01s0010g03770,LOC100257476",NA
1,22281525,22331525,S_fresh,M_01_22306525,4.81699210164238,5.36851818521498,FALSE,1,22291722,22301808,Vitvi01g01663,NA,4717,"VIT_01s0010g03740,LOC100247222",mTERF1
1,22281525,22331525,S_fresh,M_01_22306525,4.81699210164238,5.36851818521498,FALSE,1,22313721,22317827,Vitvi01g01664,NA,7196,"VIT_01s0010g03760,LOC104877364",NA
2,326130,376130,H_cluster,M_02_351130,5.08999337370612,5.23525994587737,FALSE,2,328297,331912,Vitvi02g00040,NA,19218,"VIT_02s0025g00430,LOC100255237",NA
2,326130,376130,H_cluster,M_02_351130,5.08999337370612,5.23525994587737,FALSE,2,349796,356484,Vitvi02g00042,NA,0,"VIT_02s0025g00450,LOC100265531",NA
2,326130,376130,H_cluster,M_02_351130,5.08999337370612,5.23525994587737,FALSE,2,357075,357786,Vitvi02g01316,NA,5945,LOC104881117,NA
2,326130,376130,H_cluster,M_02_351130,5.08999337370612,5.23525994587737,FALSE,2,333240,346239,Vitvi02g00041,NA,4891,"VIT_02s0025g00440,LOC100260315,VVTU38281_at",NA
2,326130,376130,H_cluster,M_02_351130,5.08999337370612,5.23525994587737,FALSE,2,369516,382947,Vitvi02g00043,NA,18386,"VIT_02s0025g00470,LOC100243215",NA
2,2641566,2691566,P_rachis_weight,M_02_2666566,5.21493211031442,11.3756651550306,TRUE,2,2641688,2643641,Vitvi02g00303,NA,22925,"VIT_02s0025g03320,LOC100247907",NA
2,2641566,2691566,P_rachis_weight,M_02_2666566,5.21493211031442,11.3756651550306,TRUE,2,2658060,2659453,Vitvi02g00305,NA,7113,LOC104881938,NA
2,2641566,2691566,P_rachis_weight,M_02_2666566,5.21493211031442,11.3756651550306,TRUE,2,2659926,2660366,Vitvi02g01376,NA,6200,LOC104881939,NA
2,2641566,2691566,P_rachis_weight,M_02_2666566,5.21493211031442,11.3756651550306,TRUE,2,2661024,2662919,Vitvi02g01377,NA,3647,VIT_02s0025g03340,NA
2,2641566,2691566,P_rachis_weight,M_02_2666566,5.21493211031442,11.3756651550306,TRUE,2,2664336,2665565,Vitvi02g00306,NA,1001,VIT_02s0025g03350,NA
2,2641566,2691566,P_rachis_weight,M_02_2666566,5.21493211031442,11.3756651550306,TRUE,2,2687040,2696000,Vitvi02g00308,NA,20474,"VIT_02s0025g03370,LOC100263296",NA
2,2641566,2691566,P_rachis_weight,M_02_2666566,5.21493211031442,11.3756651550306,TRUE,2,2645685,2654675,Vitvi02g00304,NA,11891,"VIT_02s0025g03330,LOC100246127",NA
2,2641566,2691566,P_rachis_weight,M_02_2666566,5.21493211031442,11.3756651550306,TRUE,2,2666209,2683214,Vitvi02g00307,NA,0,VIT_02s0025g03360,NA
2,2901867,2951867,B_width,M_02_2926867,4.95169067553984,7.632203402596,TRUE,2,2932834,2936056,Vitvi02g00330,NA,5967,"VIT_02s0025g03570,LOC100266792",NA
2,2901867,2951867,B_width,M_02_2926867,4.95169067553984,7.632203402596,TRUE,2,2937836,2941533,Vitvi02g01380,NA,10969,LOC104881659,NA
2,2901867,2951867,B_width,M_02_2926867,4.95169067553984,7.632203402596,TRUE,2,2950298,2953218,Vitvi02g00332,NA,23431,"VIT_02s0025g03590,LOC100254672",NA
2,2901867,2951867,B_width,M_02_2926867,4.95169067553984,7.632203402596,TRUE,2,2886776,2931532,Vitvi02g00329,NA,0,"VIT_02s0025g03560,LOC100261599,TC69234",NA
2,2901867,2951867,B_width,M_02_2926867,4.95169067553984,7.632203402596,TRUE,2,2942497,2949775,Vitvi02g00331,NA,15630,"VIT_02s0025g03580,LOC100249560",NA
2,3924944,3974944,P_cluster_loss,M_02_3949944,5.5159621059784,6.87437072596371,TRUE,2,3923119,3926123,Vitvi02g00417,NA,23821,"VIT_02s0025g04560,LOC100259834",NA
2,3924944,3974944,P_cluster_loss,M_02_3949944,5.5159621059784,6.87437072596371,TRUE,2,3932332,3932940,Vitvi02g00418,NA,17004,NA,NA
2,3924944,3974944,P_cluster_loss,M_02_3949944,5.5159621059784,6.87437072596371,TRUE,2,3933043,3935119,Vitvi02g00419,NA,14825,"VIT_02s0025g04570,LOC100265017",NA
2,3924944,3974944,P_cluster_loss,M_02_3949944,5.5159621059784,6.87437072596371,TRUE,2,3951981,3955564,Vitvi02g00421,NA,2037,"VIT_02s0025g04590,LOC100249539",TCP3
2,3924944,3974944,P_cluster_loss,M_02_3949944,5.5159621059784,6.87437072596371,TRUE,2,3959148,3962364,Vitvi02g00422,NA,9204,"VIT_02s0025g04600,LOC100247874",NA
2,3924944,3974944,P_cluster_loss,M_02_3949944,5.5159621059784,6.87437072596371,TRUE,2,3962813,3964620,Vitvi02g00423,NA,12869,"VIT_02s0025g04610,LOC100254814",NA
2,3924944,3974944,P_cluster_loss,M_02_3949944,5.5159621059784,6.87437072596371,TRUE,2,3965624,3974860,Vitvi02g00424,NA,15680,"VIT_02s0025g04620,LOC100252995",NA
2,3924944,3974944,P_cluster_loss,M_02_3949944,5.5159621059784,6.87437072596371,TRUE,2,3943909,3950772,Vitvi02g00420,NA,0,"VIT_02s0025g04580,LOC100244379",HMGS
2,6661801,6711801,S_fresh,M_02_6686801,4.81699210164238,6.89748791774078,TRUE,2,6670534,6672390,Vitvi02g00647,NA,14411,VIT_02s0012g00670,NA
2,6661801,6711801,S_fresh,M_02_6686801,4.81699210164238,6.89748791774078,TRUE,2,6682700,6682873,Vitvi02g01487,NA,3928,VIT_02s0012g00680,NA
2,6661801,6711801,S_fresh,M_02_6686801,4.81699210164238,6.89748791774078,TRUE,2,6706953,6708013,Vitvi02g01488,NA,20152,"VIT_02s0012g00690,LOC104882430",NA
2,6661801,6711801,S_fresh,M_02_6686801,4.81699210164238,6.89748791774078,TRUE,2,6709030,6709203,Vitvi02g01489,NA,22229,VIT_02s0012g00700,NA
3,3283146,3333146,B_height,M_03_3308146,5.14798532068381,5.61593720322444,FALSE,3,3277605,3286562,Vitvi03g00296,NA,21584,"VIT_03s0038g04490,LOC100247076,VVTU3806_at",NA
3,3283146,3333146,B_height,M_03_3308146,5.14798532068381,5.61593720322444,FALSE,3,3293228,3300401,Vitvi03g00297,NA,7745,"VIT_03s0038g04500,LOC100267529",NA
3,3283146,3333146,B_height,M_03_3308146,5.14798532068381,5.61593720322444,FALSE,3,3303135,3306060,Vitvi03g00298,NA,2086,"VIT_03s0038g04510,LOC100241723",NA
3,3283146,3333146,B_height,M_03_3308146,5.14798532068381,5.61593720322444,FALSE,3,3324275,3325170,Vitvi03g00300,NA,16129,VIT_03s0038g04530,NA
3,3283146,3333146,B_height,M_03_3308146,5.14798532068381,5.61593720322444,FALSE,3,3325171,3325896,Vitvi03g00301,NA,17025,VIT_03s0038g04540,NA
3,3283146,3333146,B_height,M_03_3308146,5.14798532068381,5.61593720322444,FALSE,3,3308692,3320395,Vitvi03g00299,NA,546,VIT_03s0038g04520,NA
4,14837225,14887225,B_shape,M_04_14862225,4.95169067553984,6.32771257145703,TRUE,4,14852921,14856359,Vitvi04g02037,NA,5866,"VIT_04s0043g00720,LOC100250049",NA
4,14837225,14887225,B_shape,M_04_14862225,4.95169067553984,6.32771257145703,TRUE,4,14881133,14881462,Vitvi04g01016,NA,18908,NA,MADS1A2g
4,14837225,14887225,B_shape,M_04_14862225,4.95169067553984,6.32771257145703,TRUE,4,14838445,14851391,Vitvi04g01014,NA,10834,VIT_04s0043g00710,NA
4,14837225,14887225,B_shape,M_04_14862225,4.95169067553984,6.32771257145703,TRUE,4,14859361,14871185,Vitvi04g01015,NA,0,"VIT_04s0043g00730,LOC100258664",NA
4,17410135,17460135,P_rachis_weight,M_04_17435135,5.21493211031442,9.96178333200071,TRUE,4,17424100,17427428,Vitvi04g01186,NA,7707,"VIT_04s0023g00710,LOC100242709",NA
4,17410135,17460135,P_rachis_weight,M_04_17435135,5.21493211031442,9.96178333200071,TRUE,4,17437440,17445220,Vitvi04g01187,NA,2305,NA,NA
4,17410135,17460135,P_rachis_weight,M_04_17435135,5.21493211031442,9.96178333200071,TRUE,4,17452043,17454065,Vitvi04g01188,NA,16908,NA,NA
4,17410135,17460135,P_rachis_weight,M_04_17435135,5.21493211031442,9.96178333200071,TRUE,4,17458533,17461325,Vitvi04g01189,NA,23398,"VIT_04s0023g00720,LOC100263239",NA
4,19346161,19396161,S_dry,M_04_19371161,5.03884085125874,5.85661558889363,FALSE,4,19350460,19351453,Vitvi04g01363,NA,19708,"VIT_04s0023g02430,LOC100247207,LOC104877277",bZIP13
4,19346161,19396161,S_dry,M_04_19371161,5.03884085125874,5.85661558889363,FALSE,4,19373874,19376555,Vitvi04g01366,NA,2713,"VIT_04s0023g02450,LOC100233020",NA
4,19346161,19396161,S_dry,M_04_19371161,5.03884085125874,5.85661558889363,FALSE,4,19395926,19398559,Vitvi04g02129,NA,24765,VIT_04s0023g02470,NA
4,19346161,19396161,S_dry,M_04_19371161,5.03884085125874,5.85661558889363,FALSE,4,19354505,19373873,Vitvi04g01364,NA,0,"VIT_04s0023g02440,LOC100260906",NA
4,19346161,19396161,S_dry,M_04_19371161,5.03884085125874,5.85661558889363,FALSE,4,19378369,19391288,Vitvi04g01367,NA,7208,"VIT_04s0023g02460,LOC100257466",NA
4,20086668,20136668,H_cluster,M_04_20111668,5.08999337370612,7.13848810939399,TRUE,4,20090708,20092237,Vitvi04g02147,NA,19431,"VIT_04s0023g03170,LOC100264358",NA
4,20086668,20136668,H_cluster,M_04_20111668,5.08999337370612,7.13848810939399,TRUE,4,20097742,20097960,Vitvi04g01435,NA,13708,NA,NA
4,20086668,20136668,H_cluster,M_04_20111668,5.08999337370612,7.13848810939399,TRUE,4,20109346,20112709,Vitvi04g01437,NA,0,"VIT_04s0023g03190,LOC100242075",NA
4,20086668,20136668,H_cluster,M_04_20111668,5.08999337370612,7.13848810939399,TRUE,4,20119653,20127610,Vitvi04g01438,NA,7985,"VIT_04s0023g03200,LOC100241959",NA
4,20086668,20136668,H_cluster,M_04_20111668,5.08999337370612,7.13848810939399,TRUE,4,20129133,20130997,Vitvi04g01439,NA,17465,"VIT_04s0023g03210,LOC100247214",NA
4,20086668,20136668,H_cluster,M_04_20111668,5.08999337370612,7.13848810939399,TRUE,4,20086382,20090340,Vitvi04g01434,NA,21328,"VIT_04s0023g03160,LOC100259183",NA
4,20086668,20136668,H_cluster,M_04_20111668,5.08999337370612,7.13848810939399,TRUE,4,20098829,20108889,Vitvi04g01436,NA,2779,"VIT_04s0023g03180,LOC104879131",NA
5,311776,361776,B_shape,M_05_336776,4.95169067553984,5.90264788033286,FALSE,5,313169,318370,Vitvi05g00033,NA,18406,"VIT_05s0077g02070,VIT_05s0077g02060,LOC100256800,LOC104879217",NA
5,311776,361776,B_shape,M_05_336776,4.95169067553984,5.90264788033286,FALSE,5,331674,336883,Vitvi05g00035,NA,0,"VIT_05s0077g02040,LOC100251672",NA
5,311776,361776,B_shape,M_05_336776,4.95169067553984,5.90264788033286,FALSE,5,337400,338005,Vitvi05g00036,NA,624,"VIT_05s0077g02030,LOC104879216",NA
5,311776,361776,B_shape,M_05_336776,4.95169067553984,5.90264788033286,FALSE,5,339185,340642,Vitvi05g01742,NA,2409,"VIT_05s0077g02020,LOC100246529",NA
5,311776,361776,B_shape,M_05_336776,4.95169067553984,5.90264788033286,FALSE,5,344461,344643,Vitvi05g00037,NA,7685,NA,NA
5,311776,361776,B_shape,M_05_336776,4.95169067553984,5.90264788033286,FALSE,5,351987,353719,Vitvi05g00038,NA,15211,"VIT_05s0077g02010,LOC100241405",NA
5,311776,361776,B_shape,M_05_336776,4.95169067553984,5.90264788033286,FALSE,5,353844,359863,Vitvi05g00039,NA,17068,"VIT_05s0077g02000,LOC100246514",NA
5,311776,361776,B_shape,M_05_336776,4.95169067553984,5.90264788033286,FALSE,5,319571,331098,Vitvi05g00034,NA,5678,"VIT_05s0077g02050,LOC100256778",NA
5,311776,361776,B_shape,M_05_336776,4.95169067553984,5.90264788033286,FALSE,5,360417,362890,Vitvi05g00040,NA,23641,"VIT_05s0077g01990,LOC100263668",NA
5,847428,897428,B_width,M_05_872428,4.95169067553984,5.99101110630554,FALSE,5,858035,863113,Vitvi05g00089,NA,9315,"VIT_05s0077g01280,LOC100249978",NA
5,847428,897428,B_width,M_05_872428,4.95169067553984,5.99101110630554,FALSE,5,868859,873471,Vitvi05g00090,NA,0,"VIT_05s0077g01270,LOC100244843",NA
5,847428,897428,B_width,M_05_872428,4.95169067553984,5.99101110630554,FALSE,5,876471,876732,Vitvi05g00091,NA,4043,NA,NA
5,847428,897428,B_width,M_05_872428,4.95169067553984,5.99101110630554,FALSE,5,886487,891593,Vitvi05g00092,NA,14059,"VIT_05s0077g01260,LOC100267152",NA
5,847428,897428,B_width,M_05_872428,4.95169067553984,5.99101110630554,FALSE,5,893908,896239,Vitvi05g00094,NA,21480,"VIT_05s0077g01250,LOC100261982",NA
5,847428,897428,B_width,M_05_872428,4.95169067553984,5.99101110630554,FALSE,5,849476,854019,Vitvi05g01770,NA,18409,"VIT_05s0077g01290,LOC100255126",NA
5,961588,1011588,B_height,M_05_986588,5.14798532068381,7.47867917699945,TRUE,5,972438,975129,Vitvi05g00102,NA,11459,"VIT_05s0077g01190,LOC100263757",NA
5,961588,1011588,B_height,M_05_986588,5.14798532068381,7.47867917699945,TRUE,5,976037,978593,Vitvi05g00104,NA,7995,"VIT_05s0077g01180,LOC100258605",NA
5,961588,1011588,B_height,M_05_986588,5.14798532068381,7.47867917699945,TRUE,5,954968,971936,Vitvi05g00101,NA,14652,"VIT_05s0077g01200,LOC100241492",NA
5,961588,1011588,B_height,M_05_986588,5.14798532068381,7.47867917699945,TRUE,5,979563,984223,Vitvi05g00105,NA,2365,"VIT_05s0077g01170,LOC100253286",NA
5,961588,1011588,B_height,M_05_986588,5.14798532068381,7.47867917699945,TRUE,5,984657,1007813,Vitvi05g00106,NA,0,"VIT_05s0077g01160,LOC100248159",NA
5,2462910,2512910,B_height,M_05_2487910,5.14798532068381,13.146660605173,TRUE,5,2482821,2483986,Vitvi05g00234,NA,3924,VIT_05s0020g00590,NA
5,2462910,2512910,B_height,M_05_2487910,5.14798532068381,13.146660605173,TRUE,5,2487510,2488673,Vitvi05g00235,NA,0,"VIT_05s0020g00600,LOC100259564",NA
5,2462910,2512910,B_height,M_05_2487910,5.14798532068381,13.146660605173,TRUE,5,2509378,2521856,Vitvi05g00239,NA,21468,"VIT_05s0020g00630,LOC100240779",NA
5,2462910,2512910,B_height,M_05_2487910,5.14798532068381,13.146660605173,TRUE,5,2461772,2479563,Vitvi05g00232,NA,8347,"VIT_05s0020g00580,LOC100256169",NA
5,2462910,2512910,B_height,M_05_2487910,5.14798532068381,13.146660605173,TRUE,5,2495248,2508587,Vitvi05g00237,NA,7338,"VIT_05s0020g00620,LOC100245872",NA
5,2462910,2512910,B_height,M_05_2487910,5.14798532068381,13.146660605173,TRUE,5,2489459,2490792,Vitvi05g00236,NA,1549,"VIT_05s0020g00610,LOC100254448",NA
6,4849960,4899960,B_width,M_06_4874960,4.95169067553984,7.66629546411807,TRUE,6,4855638,4858117,Vitvi06g01677,NA,16843,LOC100854381,NA
6,4849960,4899960,B_width,M_06_4874960,4.95169067553984,7.66629546411807,TRUE,6,4866844,4869598,Vitvi06g01678,NA,5362,"VIT_06s0004g03930,LOC100262108",NA
6,4849960,4899960,B_width,M_06_4874960,4.95169067553984,7.66629546411807,TRUE,6,4874372,4880988,Vitvi06g00389,NA,0,"VIT_06s0004g03940,LOC100248449",NA
6,4849960,4899960,B_width,M_06_4874960,4.95169067553984,7.66629546411807,TRUE,6,4881432,4881813,Vitvi06g01679,NA,6472,VIT_06s0004g03950,NA
6,4849960,4899960,B_width,M_06_4874960,4.95169067553984,7.66629546411807,TRUE,6,4885494,4888316,Vitvi06g00391,NA,10534,"VIT_06s0004g03960,LOC104879622",NA
6,4849960,4899960,B_width,M_06_4874960,4.95169067553984,7.66629546411807,TRUE,6,4892036,4893750,Vitvi06g01680,NA,17076,LOC100854353,NA
6,4849960,4899960,B_width,M_06_4874960,4.95169067553984,7.66629546411807,TRUE,6,4882268,4884185,Vitvi06g00390,NA,7308,NA,NA
7,4114218,4164218,B_width,M_07_4139218,4.95169067553984,7.38646629890343,TRUE,7,4112584,4114855,Vitvi07g00393,NA,24363,"VIT_07s0005g01210,LOC100260656",MYBF1
7,4114218,4164218,B_width,M_07_4139218,4.95169067553984,7.38646629890343,TRUE,7,4132329,4139353,Vitvi07g00394,NA,0,"VIT_07s0005g01220,LOC100252105",NA
7,4114218,4164218,B_width,M_07_4139218,4.95169067553984,7.38646629890343,TRUE,7,4139582,4143274,Vitvi07g02218,NA,364,"VIT_07s0005g01230,LOC100246965",NA
8,10495542,10545542,B_shape,M_08_10520542,4.95169067553984,6.18496760804839,TRUE,8,10508227,10510294,Vitvi08g00841,NA,10248,"VIT_08s0058g01120,LOC100241389",NA
8,10495542,10545542,B_shape,M_08_10520542,4.95169067553984,6.18496760804839,TRUE,8,10519601,10523796,Vitvi08g00843,NA,0,"VIT_08s0058g01130,LOC100263648",NA
8,10495542,10545542,B_shape,M_08_10520542,4.95169067553984,6.18496760804839,TRUE,8,10537384,10550434,Vitvi08g00844,NA,16842,"VIT_08s0058g01140,LOC100258499",NA
8,10495542,10545542,B_shape,M_08_10520542,4.95169067553984,6.18496760804839,TRUE,8,10497749,10502987,Vitvi08g00840,NA,17555,"VIT_08s0058g01110,LOC100255128,DT026984",NA
8,10495542,10545542,B_shape,M_08_10520542,4.95169067553984,6.18496760804839,TRUE,8,10518257,10519033,Vitvi08g00842,NA,1509,NA,NA
8,11584006,11634006,B_height,M_08_11609006,5.14798532068381,6.87643196303979,TRUE,8,11586321,11592047,Vitvi08g02109,NA,16959,"VIT_08s0040g00630,LOC100248215",NA
8,11584006,11634006,B_height,M_08_11609006,5.14798532068381,6.87643196303979,TRUE,8,11593735,11596813,Vitvi08g02110,NA,12193,VIT_08s0040g00640,NA
8,11584006,11634006,B_height,M_08_11609006,5.14798532068381,6.87643196303979,TRUE,8,11596914,11597081,Vitvi08g00927,NA,11925,NA,NA
8,11584006,11634006,B_height,M_08_11609006,5.14798532068381,6.87643196303979,TRUE,8,11598470,11599795,Vitvi08g00928,NA,9211,"VIT_08s0040g00660,LOC104880093",NA
8,11584006,11634006,B_height,M_08_11609006,5.14798532068381,6.87643196303979,TRUE,8,11602912,11604264,Vitvi08g02111,NA,4742,LOC104880092,NA
8,11584006,11634006,B_height,M_08_11609006,5.14798532068381,6.87643196303979,TRUE,8,11608451,11609203,Vitvi08g00929,NA,0,NA,NA
8,11584006,11634006,B_height,M_08_11609006,5.14798532068381,6.87643196303979,TRUE,8,11632988,11633534,Vitvi08g02112,NA,23982,VIT_08s0040g00690,NA
8,11584006,11634006,B_height,M_08_11609006,5.14798532068381,6.87643196303979,TRUE,8,11613340,11627773,Vitvi08g00930,NA,4334,"VIT_08s0040g00670,LOC100267188",NA
8,11584006,11634006,B_height,M_08_11609006,5.14798532068381,6.87643196303979,TRUE,8,11628330,11632959,Vitvi08g00931,NA,19324,"VIT_08s0040g00680,LOC100244877,GSVIVT00023315001",NA
8,17653111,17703111,B_width,M_08_17678111,4.95169067553984,8.21935788208292,TRUE,8,17672300,17674459,Vitvi08g01494,NA,3652,"VIT_08s0007g03720,LOC100261391",NA
8,17653111,17703111,B_width,M_08_17678111,4.95169067553984,8.21935788208292,TRUE,8,17676090,17676352,Vitvi08g01495,NA,1759,VIT_08s0007g03730,NA
8,17653111,17703111,B_width,M_08_17678111,4.95169067553984,8.21935788208292,TRUE,8,17660071,17669411,Vitvi08g01493,NA,8700,"VIT_08s0007g03710,LOC100264776",PDR23
8,17653111,17703111,B_width,M_08_17678111,4.95169067553984,8.21935788208292,TRUE,8,17676410,17678357,Vitvi08g01496,NA,0,VIT_08s0007g03740,NA
8,17653111,17703111,B_width,M_08_17678111,4.95169067553984,8.21935788208292,TRUE,8,17681264,17724664,Vitvi08g01497,NA,3153,"VIT_08s0007g03750,LOC100254475",NA
8,17975198,18025198,H_cluster,M_08_18000198,5.08999337370612,5.6653620526444,FALSE,8,17981826,17987690,Vitvi08g01520,NA,12508,"VIT_08s0007g03960,LOC100242642",NA
8,17975198,18025198,H_cluster,M_08_18000198,5.08999337370612,5.6653620526444,FALSE,8,17991842,17993032,Vitvi08g01521,NA,7166,"VIT_08s0007g03970,LOC100264932",NA
8,17975198,18025198,H_cluster,M_08_18000198,5.08999337370612,5.6653620526444,FALSE,8,17996377,17998836,Vitvi08g01522,NA,1362,"VIT_08s0007g03980,LOC100854858",NA
8,17975198,18025198,H_cluster,M_08_18000198,5.08999337370612,5.6653620526444,FALSE,8,17999555,18004028,Vitvi08g01523,NA,0,"VIT_08s0007g03990,LOC100259738",NA
8,17975198,18025198,H_cluster,M_08_18000198,5.08999337370612,5.6653620526444,FALSE,8,18010449,18011069,Vitvi08g02274,NA,10251,"VIT_08s0007g04000,LOC100254632",NA
8,17975198,18025198,H_cluster,M_08_18000198,5.08999337370612,5.6653620526444,FALSE,8,18011977,18013241,Vitvi08g01524,NA,11779,"VIT_08s0007g04010,LOC100264874",NA
8,17975198,18025198,H_cluster,M_08_18000198,5.08999337370612,5.6653620526444,FALSE,8,18015387,18020192,Vitvi08g01525,NA,15189,"VIT_08s0007g04020,LOC100254577",NA
8,17975198,18025198,H_cluster,M_08_18000198,5.08999337370612,5.6653620526444,FALSE,8,18023912,18024106,Vitvi08g01526,NA,23714,NA,NA
8,20813429,20863429,B_height,M_08_20838429,5.14798532068381,5.3387660674308,FALSE,8,20813537,20817423,Vitvi08g01791,NA,21006,"VIT_08s0007g07160,LOC100257245",NA
8,20813429,20863429,B_height,M_08_20838429,5.14798532068381,5.3387660674308,FALSE,8,20817618,20820875,Vitvi08g01792,NA,17554,"VIT_08s0007g07170,LOC100246957",NA
8,20813429,20863429,B_height,M_08_20838429,5.14798532068381,5.3387660674308,FALSE,8,20842511,20848142,Vitvi08g01795,NA,4082,"VIT_08s0007g07200,LOC100264108",NA
8,20813429,20863429,B_height,M_08_20838429,5.14798532068381,5.3387660674308,FALSE,8,20848483,20853959,Vitvi08g02367,NA,10054,"VIT_08s0007g07210,LOC100246987,LOC100241860",NA
8,20813429,20863429,B_height,M_08_20838429,5.14798532068381,5.3387660674308,FALSE,8,20821526,20826199,Vitvi08g01793,NA,12230,"VIT_08s0007g07180,LOC100252123",NA
8,20813429,20863429,B_height,M_08_20838429,5.14798532068381,5.3387660674308,FALSE,8,20856624,20861113,Vitvi08g01796,NA,18195,"VIT_08s0007g07220,LOC100243591",NA
8,20813429,20863429,B_height,M_08_20838429,5.14798532068381,5.3387660674308,FALSE,8,20837623,20841031,Vitvi08g01794,NA,0,"VIT_08s0007g07190,LOC100241826",NA
8,20825513,20875513,B_width,M_08_20850513,4.95169067553984,7.1151570044552,TRUE,8,20842511,20848142,Vitvi08g01795,NA,2371,"VIT_08s0007g07200,LOC100264108",NA
8,20825513,20875513,B_width,M_08_20850513,4.95169067553984,7.1151570044552,TRUE,8,20848483,20853959,Vitvi08g02367,NA,0,"VIT_08s0007g07210,LOC100246987,LOC100241860",NA
8,20825513,20875513,B_width,M_08_20850513,4.95169067553984,7.1151570044552,TRUE,8,20865377,20866905,Vitvi08g01797,NA,14864,"VIT_08s0007g07230,LOC100233122",MYB5A
8,20825513,20875513,B_width,M_08_20850513,4.95169067553984,7.1151570044552,TRUE,8,20821526,20826199,Vitvi08g01793,NA,24314,"VIT_08s0007g07180,LOC100252123",NA
8,20825513,20875513,B_width,M_08_20850513,4.95169067553984,7.1151570044552,TRUE,8,20856624,20861113,Vitvi08g01796,NA,6111,"VIT_08s0007g07220,LOC100243591",NA
8,20825513,20875513,B_width,M_08_20850513,4.95169067553984,7.1151570044552,TRUE,8,20867836,20877851,Vitvi08g01798,NA,17323,"VIT_08s0007g07240,LOC100264144",NA
8,20825513,20875513,B_width,M_08_20850513,4.95169067553984,7.1151570044552,TRUE,8,20837623,20841031,Vitvi08g01794,NA,9482,"VIT_08s0007g07190,LOC100241826",NA
8,21564248,21614248,H_cluster,M_08_21589248,5.08999337370612,7.4825672227934,TRUE,8,21562260,21568042,Vitvi08g01879,NA,21206,VIT_08s0007g08200,NA
8,21564248,21614248,H_cluster,M_08_21589248,5.08999337370612,7.4825672227934,TRUE,8,21572156,21574979,Vitvi08g01880,NA,14269,"VIT_08s0007g08210,LOC100258822",NA
8,21564248,21614248,H_cluster,M_08_21589248,5.08999337370612,7.4825672227934,TRUE,8,21574980,21576427,Vitvi08g02392,NA,12821,VIT_08s0007g08220,NA
8,21564248,21614248,H_cluster,M_08_21589248,5.08999337370612,7.4825672227934,TRUE,8,21586857,21590446,Vitvi08g01881,NA,0,"VIT_08s0007g08230,LOC100253673",NA
8,21564248,21614248,H_cluster,M_08_21589248,5.08999337370612,7.4825672227934,TRUE,8,21590561,21593311,Vitvi08g02393,NA,1313,VIT_08s0007g08240,NA
8,21564248,21614248,H_cluster,M_08_21589248,5.08999337370612,7.4825672227934,TRUE,8,21597124,21603336,Vitvi08g01883,NA,7876,VIT_08s0007g08250,NA
8,21564248,21614248,H_cluster,M_08_21589248,5.08999337370612,7.4825672227934,TRUE,8,21606444,21610262,Vitvi08g01884,NA,17196,"VIT_08s0007g08260,LOC100241746",NA
9,7040439,7090439,S_fresh,M_09_7065439,4.81699210164238,4.92658994976279,FALSE,9,7066313,7072358,Vitvi09g00629,NA,874,"VIT_09s0002g07120,LOC100245840",NA
9,7040439,7090439,S_fresh,M_09_7065439,4.81699210164238,4.92658994976279,FALSE,9,7081985,7082567,Vitvi09g00631,NA,16546,"VIT_09s0002g07140,LOC104880265",NA
9,7040439,7090439,S_fresh,M_09_7065439,4.81699210164238,4.92658994976279,FALSE,9,7086722,7086874,Vitvi09g00632,NA,21283,VIT_09s0002g07150,NA
9,7040439,7090439,S_fresh,M_09_7065439,4.81699210164238,4.92658994976279,FALSE,9,7042517,7054897,Vitvi09g00627,NA,10542,"VIT_09s0002g07110,LOC100268161,LOC100247324",NA
9,7040439,7090439,S_fresh,M_09_7065439,4.81699210164238,4.92658994976279,FALSE,9,7074034,7079141,Vitvi09g00630,NA,8595,"VIT_09s0002g07130,LOC100250980",NA
9,7518821,7568821,P_rachis_weight,M_09_7543821,5.21493211031442,6.71668494250576,TRUE,9,7521788,7524230,Vitvi09g00652,NA,19591,"VIT_09s0002g07480,LOC100263001",NA
9,7518821,7568821,P_rachis_weight,M_09_7543821,5.21493211031442,6.71668494250576,TRUE,9,7527753,7528042,Vitvi09g01680,NA,15779,VIT_09s0002g07490,NA
9,7518821,7568821,P_rachis_weight,M_09_7543821,5.21493211031442,6.71668494250576,TRUE,9,7546635,7549901,Vitvi09g00654,NA,2814,"VIT_09s0002g07510,LOC100256124",NA
9,7518821,7568821,P_rachis_weight,M_09_7543821,5.21493211031442,6.71668494250576,TRUE,9,7531387,7545793,Vitvi09g00653,NA,0,"VIT_09s0002g07500,LOC100250971",NA
9,7518821,7568821,P_rachis_weight,M_09_7543821,5.21493211031442,6.71668494250576,TRUE,9,7550845,7576787,Vitvi09g00655,NA,7024,"VIT_09s0002g07520,LOC100261209",NA
9,16137993,16187993,B_shape,M_09_16162993,4.95169067553984,6.75003164203669,TRUE,9,16161179,16164595,Vitvi09g01126,NA,0,"VIT_09s0018g00290,LOC100241596",NA
9,16137993,16187993,B_shape,M_09_16162993,4.95169067553984,6.75003164203669,TRUE,9,16128192,16160933,Vitvi09g01124,NA,2060,"VIT_09s0018g00270,LOC100258621",NA
9,16137993,16187993,B_shape,M_09_16162993,4.95169067553984,6.75003164203669,TRUE,9,16169584,16171633,Vitvi09g01127,NA,6591,"VIT_09s0018g00300,LOC100246729",NA
10,16399430,16449430,B_shape,M_10_16424430,4.95169067553984,5.14300160273246,FALSE,10,16426963,16432120,Vitvi10g01968,NA,2533,VIT_00s0125g00100,NA
10,16399430,16449430,B_shape,M_10_16424430,4.95169067553984,5.14300160273246,FALSE,10,16373200,16418132,Vitvi10g01207,NA,6298,"VIT_00s0125g00090,LOC100259764",NA
11,1975210,2025210,H_cluster,M_11_2000210,5.08999337370612,5.0980145506812,FALSE,11,1974204,1975453,Vitvi11g01377,NA,24757,"VIT_11s0016g02450,LOC100264650",NA
11,1975210,2025210,H_cluster,M_11_2000210,5.08999337370612,5.0980145506812,FALSE,11,1978788,1980373,Vitvi11g01378,NA,19837,"VIT_11s0016g02460,LOC100259416",NA
11,1975210,2025210,H_cluster,M_11_2000210,5.08999337370612,5.0980145506812,FALSE,11,1984879,1987455,Vitvi11g00202,NA,12755,"VIT_11s0016g02480,LOC100259473",NA
11,1975210,2025210,H_cluster,M_11_2000210,5.08999337370612,5.0980145506812,FALSE,11,1990276,1994792,Vitvi11g00203,NA,5418,"VIT_11s0016g02490,LOC100254362",NA
11,1975210,2025210,H_cluster,M_11_2000210,5.08999337370612,5.0980145506812,FALSE,11,2002092,2005082,Vitvi11g00205,NA,1882,"VIT_11s0016g02500,LOC100249195",NA
11,1975210,2025210,H_cluster,M_11_2000210,5.08999337370612,5.0980145506812,FALSE,11,2008608,2013145,Vitvi11g00206,NA,8398,"VIT_11s0016g02510,LOC104880635",NA
11,1975210,2025210,H_cluster,M_11_2000210,5.08999337370612,5.0980145506812,FALSE,11,2016635,2022488,Vitvi11g00208,NA,16425,"VIT_11s0016g02530,LOC100266357",NA
11,1975210,2025210,H_cluster,M_11_2000210,5.08999337370612,5.0980145506812,FALSE,11,1980374,1983937,Vitvi11g00201,NA,16273,"VIT_11s0016g02470,LOC100254293",NA
11,1975210,2025210,H_cluster,M_11_2000210,5.08999337370612,5.0980145506812,FALSE,11,1998468,2000661,Vitvi11g00204,NA,0,NA,NA
11,1975210,2025210,H_cluster,M_11_2000210,5.08999337370612,5.0980145506812,FALSE,11,2013225,2016632,Vitvi11g00207,NA,13015,"VIT_11s0016g02520,LOC100249262",NA
11,1975210,2025210,H_cluster,M_11_2000210,5.08999337370612,5.0980145506812,FALSE,11,2023393,2032479,Vitvi11g00209,NA,23183,"VIT_11s0016g02540,LOC100244094",NA
11,2415870,2465870,B_height,M_11_2440870,5.14798532068381,5.68720306292725,FALSE,11,2434552,2437702,Vitvi11g00256,NA,3168,"VIT_11s0016g03020,LOC104880639",NA
11,2415870,2465870,B_height,M_11_2440870,5.14798532068381,5.68720306292725,FALSE,11,2446497,2450213,Vitvi11g00258,NA,5627,"VIT_11s0016g03040,LOC100268088",NA
11,2415870,2465870,B_height,M_11_2440870,5.14798532068381,5.68720306292725,FALSE,11,2454950,2456551,Vitvi11g00259,NA,14080,"VIT_11s0016g03050,LOC100262938",NA
11,2415870,2465870,B_height,M_11_2440870,5.14798532068381,5.68720306292725,FALSE,11,2465060,2467133,Vitvi11g01390,NA,24190,"VIT_11s0016g03060,LOC100853124",NA
11,2415870,2465870,B_height,M_11_2440870,5.14798532068381,5.68720306292725,FALSE,11,2407760,2419917,Vitvi11g00254,NA,20953,"VIT_11s0016g03000,LOC100256057",NA
11,2415870,2465870,B_height,M_11_2440870,5.14798532068381,5.68720306292725,FALSE,11,2422151,2430673,Vitvi11g00255,NA,10197,"VIT_11s0016g03010,LOC100247495",NA
11,2415870,2465870,B_height,M_11_2440870,5.14798532068381,5.68720306292725,FALSE,11,2439052,2442344,Vitvi11g00257,NA,0,"VIT_11s0016g03030,LOC100245766",NA
11,4422151,4472151,B_width,M_11_4447151,4.95169067553984,19.1004994404155,TRUE,11,4424880,4427726,Vitvi11g00453,NA,19425,"VIT_11s0016g05150,LOC100256028",NA
11,4422151,4472151,B_width,M_11_4447151,4.95169067553984,19.1004994404155,TRUE,11,4428954,4429445,Vitvi11g01434,NA,17706,LOC104880681,NA
11,4422151,4472151,B_width,M_11_4447151,4.95169067553984,19.1004994404155,TRUE,11,4444763,4448289,Vitvi11g00454,NA,0,"VIT_11s0016g05170,LOC100268060",NA
11,4422151,4472151,B_width,M_11_4447151,4.95169067553984,19.1004994404155,TRUE,11,4466300,4469835,Vitvi11g00456,NA,19149,"VIT_11s0016g05180,LOC100247542",NA
11,4422151,4472151,B_width,M_11_4447151,4.95169067553984,19.1004994404155,TRUE,11,4421209,4423821,Vitvi11g00452,NA,23330,"VIT_11s0016g05140,LOC100252442",NA
11,4422151,4472151,B_width,M_11_4447151,4.95169067553984,19.1004994404155,TRUE,11,4455956,4456564,Vitvi11g00455,NA,8805,LOC104880682,NA
11,7527711,7577711,P_cluster_loss,M_11_7552711,5.5159621059784,7.92161886272404,TRUE,11,7544219,7546658,Vitvi11g01495,NA,6053,LOC100853453,NA
11,7527711,7577711,P_cluster_loss,M_11_7552711,5.5159621059784,7.92161886272404,TRUE,11,7562323,7565241,Vitvi11g00664,NA,9612,NA,NA
11,7527711,7577711,P_cluster_loss,M_11_7552711,5.5159621059784,7.92161886272404,TRUE,11,7574017,7574365,Vitvi11g00665,NA,21306,NA,NA
11,7527711,7577711,P_cluster_loss,M_11_7552711,5.5159621059784,7.92161886272404,TRUE,11,7548641,7554321,Vitvi11g00663,NA,0,"VIT_11s0206g00180,LOC104880703",NA
11,7527711,7577711,P_cluster_loss,M_11_7552711,5.5159621059784,7.92161886272404,TRUE,11,7536139,7537396,Vitvi11g01494,NA,15315,"VIT_11s0206g00170,LOC104880702,TC66263",NA
11,7527711,7577711,P_cluster_loss,M_11_7552711,5.5159621059784,7.92161886272404,TRUE,11,7569246,7570474,Vitvi11g01496,NA,16535,"LOC104880704,GSVIVT01003742001",NA
11,13964722,14014722,S_fresh,M_11_13989722,4.81699210164238,14.6808960760449,TRUE,11,13974186,13974930,Vitvi11g00999,NA,14792,GSVIVT00009304001,NA
12,5545431,5595431,H_rachis,M_12_5570431,5.69205336503408,6.71193326771807,TRUE,12,5546399,5547450,Vitvi12g02359,NA,22981,VIT_12s0059g00720,NA
12,5545431,5595431,H_rachis,M_12_5570431,5.69205336503408,6.71193326771807,TRUE,12,5548893,5549690,Vitvi12g00378,NA,20741,"VIT_12s0059g00730,LOC100243126",NA
12,5545431,5595431,H_rachis,M_12_5570431,5.69205336503408,6.71193326771807,TRUE,12,5553087,5553641,Vitvi12g00379,NA,16790,"VIT_12s0059g00740,LOC100265507",NA
12,5545431,5595431,H_rachis,M_12_5570431,5.69205336503408,6.71193326771807,TRUE,12,5561163,5566769,Vitvi12g00380,NA,3662,"VIT_12s0059g00750,LOC100265426",AD4
12,5545431,5595431,H_rachis,M_12_5570431,5.69205336503408,6.71193326771807,TRUE,12,5575071,5578295,Vitvi12g00382,NA,4640,"VIT_12s0059g00770,LOC100260211",SKS7
12,5545431,5595431,H_rachis,M_12_5570431,5.69205336503408,6.71193326771807,TRUE,12,5580686,5582092,Vitvi12g02360,NA,10255,LOC104880891,NA
12,5545431,5595431,H_rachis,M_12_5570431,5.69205336503408,6.71193326771807,TRUE,12,5587662,5588686,Vitvi12g02361,NA,17231,"VIT_12s0059g00780,LOC104880892",NA
12,5545431,5595431,H_rachis,M_12_5570431,5.69205336503408,6.71193326771807,TRUE,12,5589738,5591660,Vitvi12g00383,NA,19307,"VIT_12s0059g00790,LOC100244731",NA
12,5545431,5595431,H_rachis,M_12_5570431,5.69205336503408,6.71193326771807,TRUE,12,5568686,5571047,Vitvi12g00381,NA,0,"VIT_12s0059g00760,LOC100233045",NA
12,5545431,5595431,H_rachis,M_12_5570431,5.69205336503408,6.71193326771807,TRUE,12,5592391,5609600,Vitvi12g00384,NA,21960,"VIT_12s0059g00800,LOC100267049",NA
13,8126231,8176231,S_fresh,M_13_8151231,4.81699210164238,5.2915241435665,FALSE,13,8129884,8131714,Vitvi13g00738,NA,19517,"VIT_13s0074g00390,LOC100245465",NA
13,8126231,8176231,S_fresh,M_13_8151231,4.81699210164238,5.2915241435665,FALSE,13,8148964,8153524,Vitvi13g00739,NA,0,LOC100271976,NA
14,2428773,2478773,B_shape,M_14_2453773,4.95169067553984,9.11873864103186,TRUE,14,2436562,2438055,Vitvi14g02524,NA,15718,LOC104881379,NA
14,2428773,2478773,B_shape,M_14_2453773,4.95169067553984,9.11873864103186,TRUE,14,2468827,2470223,Vitvi14g00216,NA,15054,"VIT_14s0060g02650,LOC100257940",NA
14,2428773,2478773,B_shape,M_14_2453773,4.95169067553984,9.11873864103186,TRUE,14,2452756,2461383,Vitvi14g00215,NA,0,"VIT_14s0060g02640,LOC100254594",NA
14,2428773,2478773,B_shape,M_14_2453773,4.95169067553984,9.11873864103186,TRUE,14,2471986,2476101,Vitvi14g00217,NA,18213,"VIT_14s0060g02660,LOC100249483",NA
14,6634734,6684734,S_fresh,M_14_6659734,4.81699210164238,6.84287976941943,TRUE,14,6636827,6651534,Vitvi14g00425,NA,8200,"VIT_14s0030g01760,LOC100267457,VVTU8895_at,VVTU14901_at",NA
14,6634734,6684734,S_fresh,M_14_6659734,4.81699210164238,6.84287976941943,TRUE,14,6654655,6665536,Vitvi14g00427,NA,0,"VIT_14s0030g01790,LOC100262295",NA
14,6634734,6684734,S_fresh,M_14_6659734,4.81699210164238,6.84287976941943,TRUE,14,6670990,6676940,Vitvi14g00428,NA,11256,"VIT_14s0030g01800,LOC100265943",NA
14,6634734,6684734,S_fresh,M_14_6659734,4.81699210164238,6.84287976941943,TRUE,14,6684507,6687265,Vitvi14g00429,NA,24773,"VIT_14s0030g01810,LOC100232969",NA
14,7320807,7370807,S_fresh,M_14_7345807,4.81699210164238,6.63594811737318,TRUE,14,7337163,7389121,Vitvi14g00472,NA,0,"VIT_14s0030g02190,LOC100248755",NA
14,28901364,28951364,B_height,M_14_28926364,5.14798532068381,6.58696778868885,TRUE,14,28909630,28912959,Vitvi14g01906,NA,13405,"VIT_14s0108g00090,LOC100266451",NA
14,28901364,28951364,B_height,M_14_28926364,5.14798532068381,6.58696778868885,TRUE,14,28913061,28915749,Vitvi14g03060,NA,10615,"VIT_14s0108g00100,LOC100266219",NA
14,28901364,28951364,B_height,M_14_28926364,5.14798532068381,6.58696778868885,TRUE,14,28918087,28920649,Vitvi14g03061,NA,5715,"VIT_14s0108g00110,LOC100261014",NA
14,28901364,28951364,B_height,M_14_28926364,5.14798532068381,6.58696778868885,TRUE,14,28923196,28926504,Vitvi14g01907,NA,0,"VIT_14s0108g00120,LOC100255935",WRKY44
14,28901364,28951364,B_height,M_14_28926364,5.14798532068381,6.58696778868885,TRUE,14,28926511,28934124,Vitvi14g01908,NA,147,"VIT_14s0108g00130,LOC100250775",NA
14,28901364,28951364,B_height,M_14_28926364,5.14798532068381,6.58696778868885,TRUE,14,28935440,28941565,Vitvi14g01909,NA,9076,"VIT_14s0108g00140,LOC100261243",NA
14,28901364,28951364,B_height,M_14_28926364,5.14798532068381,6.58696778868885,TRUE,14,28944147,28951192,Vitvi14g01910,NA,17783,"VIT_14s0108g00150,LOC100245639",NA
15,460443,510443,B_weight,M_15_485443,5.99308336069806,7.72448481436787,TRUE,15,510089,524004,Vitvi15g01221,NA,24646,VIT_15s0024g00370,NA
15,460443,510443,B_weight,M_15_485443,5.99308336069806,7.72448481436787,TRUE,15,465016,502021,Vitvi15g00014,NA,0,"VIT_15s0024g00350,LOC100247209",NA
15,12016437,12066437,P_rachis_weight,M_15_12041437,5.21493211031442,7.74951634002757,TRUE,15,12041338,12042616,Vitvi15g00557,NA,0,"VIT_15s0021g01520,LOC100259863",NA
15,12016437,12066437,P_rachis_weight,M_15_12041437,5.21493211031442,7.74951634002757,TRUE,15,12061661,12101266,Vitvi15g00558,NA,20224,"VIT_15s0021g01530,LOC100254750",NA
15,16971087,17021087,S_fresh,M_15_16996087,4.81699210164238,5.06995639975026,FALSE,15,16970704,16971462,Vitvi15g00910,NA,24625,"VIT_15s0048g02860,LOC100267831",NA
15,16971087,17021087,S_fresh,M_15_16996087,4.81699210164238,5.06995639975026,FALSE,15,16988187,16988985,Vitvi15g00911,NA,7102,NA,NA
15,16971087,17021087,S_fresh,M_15_16996087,4.81699210164238,5.06995639975026,FALSE,15,16976493,16978921,Vitvi15g01557,NA,17166,LOC104881850,NA
15,16971087,17021087,S_fresh,M_15_16996087,4.81699210164238,5.06995639975026,FALSE,15,16991674,16996074,Vitvi15g00913,NA,13,"VIT_15s0048g02880,LOC100271940,LOC104881849",NA
15,16971087,17021087,S_fresh,M_15_16996087,4.81699210164238,5.06995639975026,FALSE,15,16996399,16998792,Vitvi15g00914,NA,312,"VIT_15s0048g02890,LOC100854258",NA
15,16971087,17021087,S_fresh,M_15_16996087,4.81699210164238,5.06995639975026,FALSE,15,16999375,17003891,Vitvi15g01558,NA,3288,LOC104881848,NA
15,16971087,17021087,S_fresh,M_15_16996087,4.81699210164238,5.06995639975026,FALSE,15,17015437,17018500,Vitvi15g00916,NA,19350,"VIT_15s0048g02910,LOC104881847",NA
15,16971087,17021087,S_fresh,M_15_16996087,4.81699210164238,5.06995639975026,FALSE,15,16989498,16991196,Vitvi15g00912,NA,4891,"VIT_15s0048g02870,LOC100245524",NA
15,16971087,17021087,S_fresh,M_15_16996087,4.81699210164238,5.06995639975026,FALSE,15,17005384,17007131,Vitvi15g00915,NA,9297,"VIT_15s0048g02900,LOC100243661",NA
16,1960967,2010967,H_rachis,M_16_1985967,5.69205336503408,7.13164304448071,TRUE,16,1962562,1963158,Vitvi16g00124,NA,22809,NA,NA
16,1960967,2010967,H_rachis,M_16_1985967,5.69205336503408,7.13164304448071,TRUE,16,1963410,1963897,Vitvi16g00125,NA,22070,LOC104882011,NA
16,1960967,2010967,H_rachis,M_16_1985967,5.69205336503408,7.13164304448071,TRUE,16,1969377,1969897,Vitvi16g00126,NA,16070,VIT_16s0039g01960,NA
16,1960967,2010967,H_rachis,M_16_1985967,5.69205336503408,7.13164304448071,TRUE,16,1984817,1986052,Vitvi16g00127,NA,0,NA,NA
16,1960967,2010967,H_rachis,M_16_1985967,5.69205336503408,7.13164304448071,TRUE,16,1986109,1987030,Vitvi16g00128,NA,142,NA,NA
16,1960967,2010967,H_rachis,M_16_1985967,5.69205336503408,7.13164304448071,TRUE,16,1997122,2007250,Vitvi16g00129,NA,11155,"VIT_16s0039g01970,LOC104881980,GSVIVT01024390001,GSVIVT00014022001",NA
16,16794874,16844874,B_shape,M_16_16819874,4.95169067553984,11.5942497047567,TRUE,16,16818864,16822044,Vitvi16g01838,NA,0,"VIT_16s0100g00030,LOC100853805",NA
16,16794874,16844874,B_shape,M_16_16819874,4.95169067553984,11.5942497047567,TRUE,16,16831329,16832283,Vitvi16g01839,NA,11455,VIT_16s0100g00040,NA
16,16794874,16844874,B_shape,M_16_16819874,4.95169067553984,11.5942497047567,TRUE,16,16833830,16834642,Vitvi16g00909,NA,13956,NA,NA
16,16794874,16844874,B_shape,M_16_16819874,4.95169067553984,11.5942497047567,TRUE,16,16834663,16834887,Vitvi16g01840,NA,14789,VIT_16s0100g00050,NA
16,16794874,16844874,B_shape,M_16_16819874,4.95169067553984,11.5942497047567,TRUE,16,16840975,16842344,Vitvi16g00910,NA,21101,NA,NA
16,16794874,16844874,B_shape,M_16_16819874,4.95169067553984,11.5942497047567,TRUE,16,16792620,16803180,Vitvi16g00908,NA,16694,"VIT_16s0100g00010,LOC100249257,LOC100254982,VVTU20931_at",NA
17,464172,514172,H_cluster,M_17_489172,5.08999337370612,5.51323739830889,FALSE,17,465083,466510,Vitvi17g00050,NA,22662,"VIT_17s0000g00490,LOC100245808",NA
17,464172,514172,H_cluster,M_17_489172,5.08999337370612,5.51323739830889,FALSE,17,476561,486685,Vitvi17g01324,NA,2487,"VIT_17s0000g00520,LOC100254267",NA
17,464172,514172,H_cluster,M_17_489172,5.08999337370612,5.51323739830889,FALSE,17,496460,498094,Vitvi17g00053,NA,7288,"VIT_17s0000g00560,LOC100261186",NA
17,464172,514172,H_cluster,M_17_489172,5.08999337370612,5.51323739830889,FALSE,17,469482,475225,Vitvi17g00051,NA,13947,"VIT_17s0000g00500,LOC100249169",NA
17,464172,514172,H_cluster,M_17_489172,5.08999337370612,5.51323739830889,FALSE,17,491337,493421,Vitvi17g00052,NA,2165,"VIT_17s0000g00530,LOC100256102",NA
17,464172,514172,H_cluster,M_17_489172,5.08999337370612,5.51323739830889,FALSE,17,501307,509681,Vitvi17g00054,NA,12135,"VIT_17s0000g00570,LOC100266395",NA
17,6067969,6117969,B_width,M_17_6092969,4.95169067553984,6.31936889204374,TRUE,17,6088018,6090641,Vitvi17g00516,NA,2328,"VIT_17s0000g05460,LOC100250053",NA
17,6067969,6117969,B_width,M_17_6092969,4.95169067553984,6.31936889204374,TRUE,17,6090734,6093282,Vitvi17g00518,NA,0,"VIT_17s0000g05470,LOC100244916",NA
17,6067969,6117969,B_width,M_17_6092969,4.95169067553984,6.31936889204374,TRUE,17,6117662,6119015,Vitvi17g00520,NA,24693,"VIT_17s0000g05490,LOC100262064",LBDIi5
17,6067969,6117969,B_width,M_17_6092969,4.95169067553984,6.31936889204374,TRUE,17,6061842,6070075,Vitvi17g00514,NA,22894,"VIT_17s0000g05440,LOC100255214",NA
17,6067969,6117969,B_width,M_17_6092969,4.95169067553984,6.31936889204374,TRUE,17,6070379,6082113,Vitvi17g00515,NA,10856,"VIT_17s0000g05450,LOC100251842",NA
17,6067969,6117969,B_width,M_17_6092969,4.95169067553984,6.31936889204374,TRUE,17,6100801,6112636,Vitvi17g00519,NA,7832,"VIT_17s0000g05480,LOC100267228",NA
18,924485,974485,P_cluster_weight,M_18_949485,5.69205336503408,7.75222207814115,TRUE,18,922233,925402,Vitvi18g02490,NA,24083,"VIT_18s0122g01310,LOC100258191",NA
18,924485,974485,P_cluster_weight,M_18_949485,5.69205336503408,7.75222207814115,TRUE,18,927498,932079,Vitvi18g00095,NA,17406,"VIT_18s0122g01320,LOC100244516",NA
18,924485,974485,P_cluster_weight,M_18_949485,5.69205336503408,7.75222207814115,TRUE,18,938192,944699,Vitvi18g00096,NA,4786,"VIT_18s0122g01340,LOC100249666",NA
18,924485,974485,P_cluster_weight,M_18_949485,5.69205336503408,7.75222207814115,TRUE,18,945275,948430,Vitvi18g00098,NA,1055,"VIT_18s0122g01350,LOC100254787",NA
18,924485,974485,P_cluster_weight,M_18_949485,5.69205336503408,7.75222207814115,TRUE,18,932504,935155,Vitvi18g02491,NA,14330,VIT_18s0122g01330,NA
18,924485,974485,P_cluster_weight,M_18_949485,5.69205336503408,7.75222207814115,TRUE,18,949048,961392,Vitvi18g00099,NA,0,"VIT_18s0122g01370,LOC100259903",NA
18,924485,974485,P_cluster_weight,M_18_949485,5.69205336503408,7.75222207814115,TRUE,18,961645,967051,Vitvi18g00100,NA,12160,"VIT_18s0122g01380,LOC100263329",NA
18,7543138,7593138,B_width,M_18_7568138,4.95169067553984,6.65656192712308,TRUE,18,7541047,7547646,Vitvi18g00655,NA,20492,"VIT_18s0001g09050,LOC100250646,CF403412",NA
18,7543138,7593138,B_width,M_18_7568138,4.95169067553984,6.65656192712308,TRUE,18,7551546,7552965,Vitvi18g00656,NA,15173,"VIT_18s0001g09060,LOC100259057",NA
18,7543138,7593138,B_width,M_18_7568138,4.95169067553984,6.65656192712308,TRUE,18,7553668,7557656,Vitvi18g00657,NA,10482,"VIT_18s0001g09070,LOC100264229",NA
18,7543138,7593138,B_width,M_18_7568138,4.95169067553984,6.65656192712308,TRUE,18,7559597,7566048,Vitvi18g00658,NA,2090,"VIT_18s0001g09080,LOC100255829,VVTU26950_at",NA
18,7543138,7593138,B_width,M_18_7568138,4.95169067553984,6.65656192712308,TRUE,18,7574547,7580139,Vitvi18g00660,NA,6409,"VIT_18s0001g09100,LOC100247086",NA
18,7543138,7593138,B_width,M_18_7568138,4.95169067553984,6.65656192712308,TRUE,18,7582633,7584184,Vitvi18g00661,NA,14495,"VIT_18s0001g09110,LOC100260898",NA
18,7543138,7593138,B_width,M_18_7568138,4.95169067553984,6.65656192712308,TRUE,18,7587611,7589498,Vitvi18g00664,NA,19473,"VIT_18s0001g09120,LOC104882602",NA
18,7543138,7593138,B_width,M_18_7568138,4.95169067553984,6.65656192712308,TRUE,18,7590476,7595054,Vitvi18g00665,NA,22338,NA,NA
18,7543138,7593138,B_width,M_18_7568138,4.95169067553984,6.65656192712308,TRUE,18,7566258,7569958,Vitvi18g00659,NA,0,"VIT_18s0001g09090,LOC100241952",NA
18,12684493,12734493,B_shape,M_18_12709493,4.95169067553984,5.98011026413134,FALSE,18,12682781,12691903,Vitvi18g01147,NA,17590,"VIT_18s0001g14630,LOC100260940",NA
18,12684493,12734493,B_shape,M_18_12709493,4.95169067553984,5.98011026413134,FALSE,18,12698063,12699524,Vitvi18g02812,NA,9969,"VIT_18s0001g14640,LOC100249003",NA
18,12684493,12734493,B_shape,M_18_12709493,4.95169067553984,5.98011026413134,FALSE,18,12699537,12707506,Vitvi18g02813,NA,1987,"VIT_18s0001g14650,LOC100853901",NA
18,12684493,12734493,B_shape,M_18_12709493,4.95169067553984,5.98011026413134,FALSE,18,12718751,12724261,Vitvi18g01149,NA,9258,"VIT_18s0001g14670,LOC100266143",NA
18,12684493,12734493,B_shape,M_18_12709493,4.95169067553984,5.98011026413134,FALSE,18,12725171,12753157,Vitvi18g01150,NA,15678,"VIT_18s0001g14680,LOC100243826",NA
18,12684493,12734493,B_shape,M_18_12709493,4.95169067553984,5.98011026413134,FALSE,18,12710589,12716432,Vitvi18g01148,NA,1096,"VIT_18s0001g14660,LOC100259227",MDR3
18,19656084,19706084,S_fresh,M_18_19681084,4.81699210164238,6.88953012245288,TRUE,18,19682424,19685819,Vitvi18g01490,NA,1340,"VIT_18s0122g00170,LOC100243355",LAC72
18,19656084,19706084,S_fresh,M_18_19681084,4.81699210164238,6.88953012245288,TRUE,18,19700831,19701295,Vitvi18g01491,NA,19747,VIT_18s0122g00130,NA
18,19656084,19706084,S_fresh,M_18_19681084,4.81699210164238,6.88953012245288,TRUE,18,19704592,19706254,Vitvi18g01492,NA,23508,NA,NA
18,19690793,19740793,H_cluster,M_18_19715793,5.08999337370612,5.98620880690238,FALSE,18,19700831,19701295,Vitvi18g01491,NA,14498,VIT_18s0122g00130,NA
18,19690793,19740793,H_cluster,M_18_19715793,5.08999337370612,5.98620880690238,FALSE,18,19704592,19706254,Vitvi18g01492,NA,9539,NA,NA
18,19690793,19740793,H_cluster,M_18_19715793,5.08999337370612,5.98620880690238,FALSE,18,19724351,19725457,Vitvi18g01493,NA,8558,NA,NA
18,25138895,25188895,B_width,M_18_25163895,4.95169067553984,5.4873707084974,FALSE,18,25138935,25139189,Vitvi18g01772,NA,24706,NA,NA
18,25138895,25188895,B_width,M_18_25163895,4.95169067553984,5.4873707084974,FALSE,18,25140398,25144397,Vitvi18g01773,NA,19498,NA,NA
18,25138895,25188895,B_width,M_18_25163895,4.95169067553984,5.4873707084974,FALSE,18,25153661,25154005,Vitvi18g01774,NA,9890,NA,NA
18,25138895,25188895,B_width,M_18_25163895,4.95169067553984,5.4873707084974,FALSE,18,25162572,25162781,Vitvi18g01775,NA,1114,VIT_18s0075g00650,NA
18,25138895,25188895,B_width,M_18_25163895,4.95169067553984,5.4873707084974,FALSE,18,25178943,25179092,Vitvi18g01776,NA,15048,NA,NA
18,25145861,25195861,P_cluster_weight,M_18_25170861,5.69205336503408,14.5275709560761,TRUE,18,25153661,25154005,Vitvi18g01774,NA,16856,NA,NA
18,25145861,25195861,P_cluster_weight,M_18_25170861,5.69205336503408,14.5275709560761,TRUE,18,25162572,25162781,Vitvi18g01775,NA,8080,VIT_18s0075g00650,NA
18,25145861,25195861,P_cluster_weight,M_18_25170861,5.69205336503408,14.5275709560761,TRUE,18,25178943,25179092,Vitvi18g01776,NA,8082,NA,NA
18,25145861,25195861,P_cluster_weight,M_18_25170861,5.69205336503408,14.5275709560761,TRUE,18,25189147,25200649,Vitvi18g01777,NA,18286,"VIT_18s0075g00660,LOC100250695",MCO-Like11
18,26370984,26420984,S_dry,M_18_26395984,5.03884085125874,12.6105775718817,TRUE,18,26378314,26379458,Vitvi18g01867,NA,16526,"VIT_18s0117g00200,LOC100254642",MYBC2-L5
18,26370984,26420984,S_dry,M_18_26395984,5.03884085125874,12.6105775718817,TRUE,18,26391565,26392582,Vitvi18g01868,NA,3402,VIT_18s0117g00210,MYBC2-L6
18,26370984,26420984,S_dry,M_18_26395984,5.03884085125874,12.6105775718817,TRUE,18,26400852,26405496,Vitvi18g01869,NA,4868,"VIT_18s0117g00220,LOC100233118",NA
18,26370984,26420984,S_dry,M_18_26395984,5.03884085125874,12.6105775718817,TRUE,18,26412383,26420563,Vitvi18g01870,NA,16399,"VIT_18s0117g00230,LOC100242657",NA
18,26370984,26420984,S_dry,M_18_26395984,5.03884085125874,12.6105775718817,TRUE,18,26335484,26373851,Vitvi18g01866,NA,22133,"VIT_18s0117g00190,LOC100249307",NA
18,26370984,26420984,P_rachis_weight,M_18_26395984,5.21493211031442,8.73290477146513,TRUE,18,26378314,26379458,Vitvi18g01867,NA,16526,"VIT_18s0117g00200,LOC100254642",MYBC2-L5
18,26370984,26420984,P_rachis_weight,M_18_26395984,5.21493211031442,8.73290477146513,TRUE,18,26391565,26392582,Vitvi18g01868,NA,3402,VIT_18s0117g00210,MYBC2-L6
18,26370984,26420984,P_rachis_weight,M_18_26395984,5.21493211031442,8.73290477146513,TRUE,18,26400852,26405496,Vitvi18g01869,NA,4868,"VIT_18s0117g00220,LOC100233118",NA
18,26370984,26420984,P_rachis_weight,M_18_26395984,5.21493211031442,8.73290477146513,TRUE,18,26412383,26420563,Vitvi18g01870,NA,16399,"VIT_18s0117g00230,LOC100242657",NA
18,26370984,26420984,P_rachis_weight,M_18_26395984,5.21493211031442,8.73290477146513,TRUE,18,26335484,26373851,Vitvi18g01866,NA,22133,"VIT_18s0117g00190,LOC100249307",NA
18,26560996,26610996,S_dry,M_18_26585996,5.03884085125874,6.1568565590696,TRUE,18,26561042,26571899,Vitvi18g03055,NA,14097,VIT_18s0117g00330,NA
18,26560996,26610996,S_dry,M_18_26585996,5.03884085125874,6.1568565590696,TRUE,18,26580060,26581774,Vitvi18g01875,NA,4222,"VIT_18s0117g00340,LOC100266605",TCP17
18,26661497,26711497,B_width,M_18_26686497,4.95169067553984,6.33240303701787,TRUE,18,26684007,26684543,Vitvi18g01879,NA,1954,NA,NA
18,26661497,26711497,B_width,M_18_26686497,4.95169067553984,6.33240303701787,TRUE,18,26685450,26685890,Vitvi18g01880,NA,607,NA,NA
18,26661497,26711497,B_width,M_18_26686497,4.95169067553984,6.33240303701787,TRUE,18,26686202,26689010,Vitvi18g01881,NA,0,NA,NA
18,26661497,26711497,B_width,M_18_26686497,4.95169067553984,6.33240303701787,TRUE,18,26697266,26699749,Vitvi18g01882,NA,10769,GSVIVT00038643001,NA
18,26661497,26711497,B_width,M_18_26686497,4.95169067553984,6.33240303701787,TRUE,18,26653496,26662407,Vitvi18g01877,NA,24090,"VIT_18s0117g00360,LOC100259650",NA
18,26661497,26711497,B_width,M_18_26686497,4.95169067553984,6.33240303701787,TRUE,18,26666858,26673508,Vitvi18g01878,NA,12989,"VIT_18s0117g00370,VIT_18s0117g00380,LOC100264833",NA
18,26969029,27019029,S_fresh,M_18_26994029,4.81699210164238,5.58749990288168,FALSE,18,26972053,26973124,Vitvi18g03063,NA,20905,VIT_18s0117g00530,NA
18,26969029,27019029,S_fresh,M_18_26994029,4.81699210164238,5.58749990288168,FALSE,18,26978413,26982529,Vitvi18g03064,NA,11500,VIT_18s0117g00540,NA
18,26969029,27019029,S_fresh,M_18_26994029,4.81699210164238,5.58749990288168,FALSE,18,26989034,26989441,Vitvi18g01898,NA,4588,NA,NA
18,26969029,27019029,S_fresh,M_18_26994029,4.81699210164238,5.58749990288168,FALSE,18,26991171,26994231,Vitvi18g03065,NA,0,"VIT_18s0117g00550,LOC100248240",LAC39
18,26969029,27019029,S_fresh,M_18_26994029,4.81699210164238,5.58749990288168,FALSE,18,27013258,27013659,Vitvi18g01899,NA,19229,NA,NA
18,26969029,27019029,S_fresh,M_18_26994029,4.81699210164238,5.58749990288168,FALSE,18,27018029,27018546,Vitvi18g01900,NA,24000,NA,NA
18,26991067,27041067,S_dry,M_18_27016067,5.03884085125874,14.9619678494299,TRUE,18,26991171,26994231,Vitvi18g03065,NA,21836,"VIT_18s0117g00550,LOC100248240",LAC39
18,26991067,27041067,S_dry,M_18_27016067,5.03884085125874,14.9619678494299,TRUE,18,27013258,27013659,Vitvi18g01899,NA,2408,NA,NA
18,26991067,27041067,S_dry,M_18_27016067,5.03884085125874,14.9619678494299,TRUE,18,27018029,27018546,Vitvi18g01900,NA,1962,NA,NA
18,26991113,27041113,S_fresh,M_18_27016113,4.81699210164238,7.76660303585451,TRUE,18,26991171,26994231,Vitvi18g03065,NA,21882,"VIT_18s0117g00550,LOC100248240",LAC39
18,26991113,27041113,S_fresh,M_18_27016113,4.81699210164238,7.76660303585451,TRUE,18,27013258,27013659,Vitvi18g01899,NA,2454,NA,NA
18,26991113,27041113,S_fresh,M_18_27016113,4.81699210164238,7.76660303585451,TRUE,18,27018029,27018546,Vitvi18g01900,NA,1916,NA,NA
18,27078699,27128699,P_cluster_loss,M_18_27103699,5.5159621059784,11.5878594924895,TRUE,18,27054320,27079772,Vitvi18g01905,NA,23927,"VIT_18s0117g00570,VIT_18s0117g00580,LOC104882720",NA
18,27078699,27128699,P_cluster_loss,M_18_27103699,5.5159621059784,11.5878594924895,TRUE,18,27090552,27102800,Vitvi18g03067,NA,899,"VIT_18s0117g00590,VIT_18s0117g00600,LOC100256879",LAC38/46
18,27078699,27128699,P_cluster_loss,M_18_27103699,5.5159621059784,11.5878594924895,TRUE,18,27114391,27116367,Vitvi18g01907,NA,10692,NA,NA
18,27616922,27666922,S_dry,M_18_27641922,5.03884085125874,7.93468621884233,TRUE,18,27619644,27622706,Vitvi18g01936,NA,19216,NA,NA
18,27616922,27666922,S_dry,M_18_27641922,5.03884085125874,7.93468621884233,TRUE,18,27645019,27647663,Vitvi18g01937,NA,3097,"VIT_18s0041g00010,LOC100247712",NA
18,27616922,27666922,S_dry,M_18_27641922,5.03884085125874,7.93468621884233,TRUE,18,27651934,27672231,Vitvi18g01938,NA,10012,"VIT_18s0041g00020,LOC100264863",NA
19,3240960,3290960,S_fresh,M_19_3265960,4.81699210164238,6.84241991843257,TRUE,19,3246344,3250294,Vitvi19g01892,NA,15666,"VIT_19s0014g03060,LOC100257155",NA
19,3240960,3290960,S_fresh,M_19_3265960,4.81699210164238,6.84241991843257,TRUE,19,3253184,3253999,Vitvi19g01893,NA,11961,VIT_19s0014g03070,NA
19,3240960,3290960,S_fresh,M_19_3265960,4.81699210164238,6.84241991843257,TRUE,19,3255021,3255176,Vitvi19g00250,NA,10784,NA,NA
19,3240960,3290960,S_fresh,M_19_3265960,4.81699210164238,6.84241991843257,TRUE,19,3265452,3267338,Vitvi19g00252,NA,0,"VIT_19s0014g03090,LOC100267418",NA
19,3240960,3290960,S_fresh,M_19_3265960,4.81699210164238,6.84241991843257,TRUE,19,3277109,3279598,Vitvi19g00253,NA,11149,VIT_19s0014g03110,NA
19,3240960,3290960,S_fresh,M_19_3265960,4.81699210164238,6.84241991843257,TRUE,19,3279599,3284017,Vitvi19g00254,NA,13639,VIT_19s0014g03120,NA
19,3240960,3290960,S_fresh,M_19_3265960,4.81699210164238,6.84241991843257,TRUE,19,3286088,3287733,Vitvi19g00255,NA,20128,"VIT_19s0014g03130,LOC100245111",NA
19,3240960,3290960,S_fresh,M_19_3265960,4.81699210164238,6.84241991843257,TRUE,19,3289691,3292886,Vitvi19g00256,NA,23731,"VIT_19s0014g03140,LOC100250470",NA
19,3240960,3290960,S_fresh,M_19_3265960,4.81699210164238,6.84241991843257,TRUE,19,3256119,3262773,Vitvi19g00251,NA,3187,"VIT_19s0014g03080,LOC100262257",NA
19,3240960,3290960,S_fresh,M_19_3265960,4.81699210164238,6.84241991843257,TRUE,19,3276281,3277108,Vitvi19g01894,NA,10321,VIT_19s0014g03100,NA
19,5712748,5762748,S_fresh,M_19_5737748,4.81699210164238,5.77338816984368,FALSE,19,5714949,5715632,Vitvi19g00422,NA,22116,VIT_19s0014g05320,NA
19,5712748,5762748,S_fresh,M_19_5737748,4.81699210164238,5.77338816984368,FALSE,19,5736473,5737761,Vitvi19g00425,NA,0,"VIT_19s0014g05350,LOC104877578",NA
19,5712748,5762748,S_fresh,M_19_5737748,4.81699210164238,5.77338816984368,FALSE,19,5748470,5748712,Vitvi19g00426,NA,10722,NA,NA
19,5712748,5762748,S_fresh,M_19_5737748,4.81699210164238,5.77338816984368,FALSE,19,5753844,5754801,Vitvi19g01988,NA,16096,VIT_19s0014g05360,NA
19,5712748,5762748,S_fresh,M_19_5737748,4.81699210164238,5.77338816984368,FALSE,19,5754802,5755501,Vitvi19g01989,NA,17054,VIT_19s0014g05370,NA
19,5712748,5762748,S_fresh,M_19_5737748,4.81699210164238,5.77338816984368,FALSE,19,5755770,5760048,Vitvi19g01990,NA,18022,VIT_19s0014g05380,NA
19,5712748,5762748,S_fresh,M_19_5737748,4.81699210164238,5.77338816984368,FALSE,19,5760225,5763398,Vitvi19g01991,NA,22477,LOC100852586,NA
19,5712748,5762748,S_fresh,M_19_5737748,4.81699210164238,5.77338816984368,FALSE,19,5676834,5713090,Vitvi19g00421,NA,24658,"VIT_19s0014g05310,LOC100265768",NA
19,5712748,5762748,S_fresh,M_19_5737748,4.81699210164238,5.77338816984368,FALSE,19,5716035,5719590,Vitvi19g00423,NA,18158,"VIT_19s0014g05330,LOC104877544",NA
19,5712748,5762748,S_fresh,M_19_5737748,4.81699210164238,5.77338816984368,FALSE,19,5727806,5735675,Vitvi19g00424,NA,2073,"VIT_19s0014g05340,LOC104877577,TC66167",NA
19,5712748,5762748,S_dry,M_19_5737748,5.03884085125874,5.65575581013209,FALSE,19,5714949,5715632,Vitvi19g00422,NA,22116,VIT_19s0014g05320,NA
19,5712748,5762748,S_dry,M_19_5737748,5.03884085125874,5.65575581013209,FALSE,19,5736473,5737761,Vitvi19g00425,NA,0,"VIT_19s0014g05350,LOC104877578",NA
19,5712748,5762748,S_dry,M_19_5737748,5.03884085125874,5.65575581013209,FALSE,19,5748470,5748712,Vitvi19g00426,NA,10722,NA,NA
19,5712748,5762748,S_dry,M_19_5737748,5.03884085125874,5.65575581013209,FALSE,19,5753844,5754801,Vitvi19g01988,NA,16096,VIT_19s0014g05360,NA
19,5712748,5762748,S_dry,M_19_5737748,5.03884085125874,5.65575581013209,FALSE,19,5754802,5755501,Vitvi19g01989,NA,17054,VIT_19s0014g05370,NA
19,5712748,5762748,S_dry,M_19_5737748,5.03884085125874,5.65575581013209,FALSE,19,5755770,5760048,Vitvi19g01990,NA,18022,VIT_19s0014g05380,NA
19,5712748,5762748,S_dry,M_19_5737748,5.03884085125874,5.65575581013209,FALSE,19,5760225,5763398,Vitvi19g01991,NA,22477,LOC100852586,NA
19,5712748,5762748,S_dry,M_19_5737748,5.03884085125874,5.65575581013209,FALSE,19,5676834,5713090,Vitvi19g00421,NA,24658,"VIT_19s0014g05310,LOC100265768",NA
19,5712748,5762748,S_dry,M_19_5737748,5.03884085125874,5.65575581013209,FALSE,19,5716035,5719590,Vitvi19g00423,NA,18158,"VIT_19s0014g05330,LOC104877544",NA
19,5712748,5762748,S_dry,M_19_5737748,5.03884085125874,5.65575581013209,FALSE,19,5727806,5735675,Vitvi19g00424,NA,2073,"VIT_19s0014g05340,LOC104877577,TC66167",NA
19,7818732,7868732,S_fresh,M_19_7843732,4.81699210164238,6.91109093374584,TRUE,19,7815548,7820520,Vitvi19g00623,NA,23212,"VIT_19s0090g01780,LOC100243592",NA
19,7818732,7868732,S_fresh,M_19_7843732,4.81699210164238,6.91109093374584,TRUE,19,7823352,7823582,Vitvi19g00624,NA,20150,NA,NA
19,7818732,7868732,S_fresh,M_19_7843732,4.81699210164238,6.91109093374584,TRUE,19,7834504,7836816,Vitvi19g00625,NA,6916,"VIT_19s0090g01790,LOC100248730",NA
19,7818732,7868732,S_fresh,M_19_7843732,4.81699210164238,6.91109093374584,TRUE,19,7842956,7844371,Vitvi19g00626,NA,0,"VIT_19s0090g01800,LOC100253827",NA
19,7818732,7868732,S_fresh,M_19_7843732,4.81699210164238,6.91109093374584,TRUE,19,7850815,7866076,Vitvi19g00627,NA,7083,"VIT_19s0090g01810,VIT_19s0090g01820,LOC100260506",NA
19,10723969,10773969,P_rachis_weight,M_19_10748969,5.21493211031442,6.68981384383405,TRUE,19,10747971,10749212,Vitvi19g00932,NA,0,"VIT_19s0015g01930,LOC100261722",LAS1
19,10723969,10773969,P_rachis_weight,M_19_10748969,5.21493211031442,6.68981384383405,TRUE,19,10712597,10726225,Vitvi19g00931,NA,22744,"VIT_19s0015g01920,LOC100266911",NA
