EID,GID,SA,TCH
Balsora_2016,4,14.8581936409411,247.742662335884
Balsora_2016,5,14.2331131606458,273.664418954373
Balsora_2016,8,15.4077422805697,251.711902502365
Balsora_2016,9,14.58111174796,208.910230599277
Balsora_2016,10,16.9270537350061,235.843772001823
Balsora_2016,11,16.3284998274967,203.657436984345
Balsora_2016,12,15.7040430899102,216.455323600354
Balsora_2016,13,16.8012078831844,270.469993522165
Balsora_2016,14,16.6991323862059,262.159527472398
Balsora_2016,15,17.118923981056,252.060654213979
Balsora_2016,16,16.1283585669512,230.977122649824
Balsora_2016,17,15.4200807324991,222.713191377487
Balsora_2016,18,15.6416901469554,259.116136999783
Balsora_2016,19,16.4902779075445,250.218335394672
Balsora_2016,20,16.1524729475457,259.515917069493
Balsora_2016,21,16.6927177044712,203.771547187404
Balsora_2016,22,16.2741940342386,267.734605935219
Balsora_2016,23,15.7839051989816,249.184109356253
Balsora_2016,24,15.1669433325779,177.863579950559
Balsora_2016,25,15.607528329447801,187.282234907108
Balsora_2016,26,15.8717998755355,211.653520926378
Balsora_2016,27,15.7784892869164,217.507828624554
Balsora_2016,28,16.2789528301675,240.895273617485
Balsora_2016,29,14.9602091631943,236.721043813191
Balsora_2016,31,15.5453069941682,238.092929784406
Balsora_2016,32,15.4002840398631,240.702919130831
Balsora_2016,33,15.5564224023721,245.313512596356
Balsora_2016,34,16.3580579427779,237.146899446515
Balsora_2016,35,15.7801377349953,280.31628877632
Balsora_2016,36,16.6283195906616,251.479903528115
Balsora_2016,37,14.6336058404563,218.334992398807
Balsora_2016,38,17.0921065398189,217.076793464256
Balsora_2016,39,17.6960470767609,217.974354093313
Balsora_2016,40,14.4289352633101,233.317419441031
Balsora_2016,41,16.7696109112315,285.695258092669
Balsora_2016,42,14.4096505649293,276.495509945149
Balsora_2016,43,16.248229251128,241.036043569951
Balsora_2016,44,16.3028271434654,230.733723105092
Balsora_2016,45,13.7956493139166,237.786773678614
Balsora_2016,46,15.7326782579604,279.476365306811
Balsora_2016,47,15.6943753105068,270.711165328948
Balsora_2016,48,15.3863167419158,239.900169340136
Balsora_2016,49,16.2982709819246,208.06841430236
Balsora_2016,50,17.2908782340445,228.487980237985
Balsora_2016,51,15.8491474495923,300.017333716266
Balsora_2016,52,15.3780910026042,264.124914453285
Balsora_2016,53,16.5575895948783,264.75293932274
Balsora_2016,54,16.1701539612016,237.941352707961
Balsora_2016,55,16.4413508300079,270.406796919831
Balsora_2016,56,16.7895257846185,241.084859137725
Balsora_2016,57,16.2980020884329,205.147739025724
Balsora_2016,58,17.0672307901985,248.812234224623
Balsora_2016,59,16.6778793484089,200.943542145039
Balsora_2016,60,16.6778770976932,203.593935947404
Balsora_2016,61,15.3928957200483,237.348555663747
Balsora_2016,62,16.6097558605174,277.347166194022
Balsora_2016,63,17.1602832818593,227.794968046974
Balsora_2016,65,16.8820363025302,237.845117795212
Balsora_2016,66,16.4459895745302,239.804471087246
Balsora_2016,67,16.2322041504451,289.866819392736
Balsora_2016,68,15.5235634240694,199.162040170187
Balsora_2016,69,17.3099573674886,214.581420881026
Balsora_2016,70,16.2834609337688,236.185070444735
Balsora_2016,71,15.9461682579513,217.274752948577
Balsora_2016,72,16.5922357867701,234.915719714971
Balsora_2016,73,16.2285571805634,252.83066793821
Balsora_2016,74,17.5295132522065,228.60379912196
Balsora_2016,75,15.8553998639342,220.419221441217
Balsora_2016,76,17.1573219074875,241.408833049016
Balsora_2016,77,15.0354594135597,290.844743835274
Balsora_2016,78,14.7161857396176,219.776693904111
Balsora_2016,79,15.0343295118743,219.937927522924
Balsora_2016,80,13.9026263190862,209.522673642001
Balsora_2016,81,11.4394518274053,233.282156577172
Balsora_2016,82,14.9815902945512,205.831263120435
Balsora_2016,83,15.3160674447255,209.523101846948
Balsora_2016,84,14.4570187378651,196.9235520644
Balsora_2016,85,16.4138124697094,186.401529052685
Balsora_2016,86,15.3290899470929,289.026759344446
Balsora_2016,87,16.3984380698693,194.115594611208
Balsora_2016,88,17.6642684506653,210.547144715044
Balsora_2016,90,13.8463405644883,230.722952641751
Balsora_2016,91,15.0212161057777,256.098676212994
Balsora_2016,92,17.0908862760354,262.90465748451
Balsora_2016,93,14.8757735526285,222.845245641208
Balsora_2016,94,16.7622356640485,214.082034524852
Balsora_2016,95,16.6871756937117,221.752855304495
Balsora_2016,96,15.2055602813273,209.730867017961
Balsora_2016,97,14.7560214392589,256.007969621984
Balsora_2016,98,15.6282550945447,203.349828026211
Balsora_2016,99,17.2108812125589,193.620724025714
Balsora_2016,100,16.254667665501,213.184936560539
Balsora_2016,101,14.3674252744741,218.947128144295
Balsora_2016,102,15.1385944692634,209.123155857373
Balsora_2016,105,8.35294914709168,257.896499558191
Balsora_2016,106,7.00055743011406,259.49546695917
Balsora_2016,107,15.3980563652457,191.710809446165
Balsora_2016,108,13.1153555834381,207.755194068251
Balsora_2016,109,13.755499701895,295.550972716477
Balsora_2016,110,6.91522900653362,258.066451075981
Balsora_2016,111,7.77055217926231,260.908024596382
Balsora_2016,112,14.954969949448,208.697548846636
Balsora_2016,113,14.3675135640635,243.929926547135
Balsora_2016,114,14.3453334925785,212.251895960115
Balsora_2016,115,14.9154002499428,210.019056283047
Balsora_2016,116,15.4389242501457,233.851708937535
Balsora_2016,117,7.93525805094036,318.557137220256
Balsora_2016,118,15.1430491397853,260.124523709336
Balsora_2016,119,14.1193337219628,237.180759388561
Balsora_2016,120,16.3095569443158,214.539536014511
Balsora_2016,122,12.9193611960476,267.98944445047
Balsora_2016,123,11.3693038569771,282.217896283175
Balsora_2016,124,13.2982766758859,229.842447578726
Balsora_2016,125,11.649264448664,234.035512735761
Balsora_2016,126,14.9757511134132,213.591154252138
Balsora_2016,127,15.4443851022889,244.01685000483
Balsora_2016,128,14.6985998322641,217.66662876442
Balsora_2016,129,14.3621490983127,267.721426144076
Balsora_2016,136,17.1109956735738,238.777882549344
Balsora_2016,137,16.9074177406986,282.472766276796
Balsora_2016,143,15.2533115540552,292.202945249061
Balsora_2016,144,15.8724446870704,202.75813672025
Balsora_2016,145,14.3814482869859,255.467684534849
Balsora_2016,146,16.0668599595938,229.242452100756
Balsora_2016,147,13.3563673872626,198.648622826637
Balsora_2016,148,14.16420355213,238.338675441048
Balsora_2016,149,17.5103970213171,177.450410339603
Balsora_2016,150,16.2196299077538,265.343570011905
Balsora_2016,151,15.5964208518572,221.875810064799
Balsora_2016,152,17.3176901425273,242.818010555619
Balsora_2016,153,14.5316422065179,227.011318182765
Balsora_2016,154,16.5341097767457,213.278262350445
Balsora_2016,155,13.0634286465676,224.020771836322
Balsora_2016,157,16.7163582104002,222.217679908652
Balsora_2016,158,15.8607831804641,214.911615961165
Balsora_2016,159,14.5557914609355,185.356556473132
Balsora_2016,164,14.5632005673327,248.009595244972
Balsora_2016,165,13.7840878631605,270.038752132553
Balsora_2016,168,16.5189870788946,266.596783730286
Balsora_2016,169,17.3875411478124,282.566816381941
Balsora_2016,170,16.2579539247708,265.964925181195
Balsora_2016,171,15.8911569770145,232.839515088433
Balsora_2016,172,16.3010289168903,227.314126886118
Balsora_2016,173,15.0997303769761,289.726518684498
Balsora_2016,174,16.059638724045598,185.741589857078
Balsora_2016,175,16.9911471750552,248.990963884415
Balsora_2016,176,16.1293351158943,235.477866322897
Balsora_2016,178,17.0398294411617,263.103854475359
Balsora_2016,179,15.960709033459,245.014639576309
Balsora_2016,180,16.4320136665816,225.015421016314
Balsora_2016,181,17.6394855337333,272.611288618917
Balsora_2016,182,17.4038012283811,235.694001835584
Balsora_2016,183,15.0112620767206,267.272414008399
Balsora_2016,185,16.1719189030243,263.211579752213
Balsora_2016,186,15.8719746940853,241.87655440311
Balsora_2016,187,14.3077002029834,260.049695939833
Balsora_2016,189,15.9470102224759,216.665137236257
Balsora_2016,190,17.1718854802921,256.541157703967
Balsora_2016,191,16.8897749530968,235.252253106225
Balsora_2016,192,14.9771280554875,242.48626869318
Balsora_2016,193,14.7422318029367,246.046154959837
Balsora_2016,194,16.0322932069695,271.666314135309
Balsora_2016,195,15.8531213632579,278.352330724934
Balsora_2016,196,15.264533379294,283.193355859942
Balsora_2016,197,15.1551702197795,288.177583555506
Balsora_2016,198,14.2032489558007,229.258372339917
Balsora_2016,199,16.150246548787,269.701361403203
Balsora_2016,200,16.0236431102169,215.786497816181
Balsora_2016,201,15.4927610226336,216.546536637742
Balsora_2016,202,17.7194003526151,206.046083631792
Balsora_2016,203,15.8134869499085,210.650639016624
Balsora_2016,204,17.4122973658523,190.974836795874
Balsora_2016,205,16.7143239548292,176.586655394088
Balsora_2016,206,16.1604796016156,249.757035541995
Balsora_2016,207,16.209360194287,242.092384691427
Balsora_2016,209,15.6537736489125,195.265830181812
Balsora_2016,210,13.4413625895225,271.274059939697
Balsora_2016,211,15.3354474660316,268.649762178438
Balsora_2016,212,15.493730640868,251.368678383148
Balsora_2016,214,16.9380579608421,216.927680621618
Balsora_2016,215,11.719251036092,235.650863021859
Balsora_2016,216,15.6331101260879,305.18449150619
Balsora_2016,217,16.4875576129832,269.011543800588
Balsora_2016,218,16.6028856550256,295.677155040096
Balsora_2016,219,15.850457605989,228.398515198236
Balsora_2016,220,15.7311702292732,272.550141636724
Balsora_2017,4,13.5995244189344,136.022555531199
Balsora_2017,5,12.8919287736133,168.094385758405
Balsora_2017,8,14.3653499394283,126.621319278213
Balsora_2017,9,13.7327146642501,104.151000082242
Balsora_2017,10,13.9331472206644,91.8366423273896
Balsora_2017,11,14.634753583706,102.076191808746
Balsora_2017,12,15.3458306052001,106.474184467084
Balsora_2017,13,15.2147992980135,129.426598829215
Balsora_2017,14,14.3538440759558,138.747755218365
Balsora_2017,15,14.325617126973,129.476259191296
Balsora_2017,16,15.8445073189252,152.312053442386
Balsora_2017,17,13.2057035861017,92.7355828785978
Balsora_2017,18,15.189090434214,111.597831229325
Balsora_2017,19,15.8750036987513,144.235018343989
Balsora_2017,20,14.472922079692,124.976145842614
Balsora_2017,21,14.9224199556853,80.0704673070301
Balsora_2017,22,14.9804478967901,121.856242244822
Balsora_2017,23,14.9929870665001,127.296236715981
Balsora_2017,24,12.3930424346635,77.3469576824633
Balsora_2017,25,13.9671529683604,105.324290110221
Balsora_2017,26,13.2591710236654,136.03439544468
Balsora_2017,27,13.831855551681,140.939059780847
Balsora_2017,28,14.7656188626085,106.654172318511
Balsora_2017,29,13.7127374490999,120.921375853171
Balsora_2017,31,15.4112599257073,125.363073489618
Balsora_2017,32,13.5166442688769,152.589008941639
Balsora_2017,33,14.1515162632849,109.811733144155
Balsora_2017,34,16.1696186810409,116.264027404612
Balsora_2017,35,13.2633596155829,87.7329539861193
Balsora_2017,36,16.2566570032291,122.566650432465
Balsora_2017,37,12.5466513286803,78.0226919388827
Balsora_2017,38,16.4632067371948,106.322415732436
Balsora_2017,39,15.9112715159284,91.4294767001454
Balsora_2017,40,13.6760393891858,152.504765727408
Balsora_2017,41,14.695913306234,107.073084872604
Balsora_2017,42,12.5991002177005,189.194751633385
Balsora_2017,43,15.8111971678061,113.677726711683
Balsora_2017,44,13.711416646006,109.138155774162
Balsora_2017,45,14.2367147678538,148.491650050296
Balsora_2017,46,14.6911046815381,140.678728483707
Balsora_2017,47,12.2616038529662,163.283765645472
Balsora_2017,48,14.9240171855573,74.2073414019737
Balsora_2017,49,15.2376256919225,129.814464815599
Balsora_2017,50,15.388432067389,133.110863580463
Balsora_2017,51,13.7197873386555,126.048671117398
Balsora_2017,52,13.0063828770606,133.374434393746
Balsora_2017,53,15.689223464991,129.305499473148
Balsora_2017,54,15.4020896202863,118.558198835799
Balsora_2017,55,14.7149137032579,111.290865844177
Balsora_2017,56,14.2010428940397,114.068579518999
Balsora_2017,57,13.5369311098363,87.6965945465221
Balsora_2017,58,16.4492379206016,124.524407377541
Balsora_2017,59,13.2825995259808,95.9144477166663
Balsora_2017,60,14.6565710052156,81.5526035974365
Balsora_2017,61,15.7555249731438,94.5430033360437
Balsora_2017,62,17.2922260305037,112.29437218619
Balsora_2017,63,14.9688957007407,82.3388370559005
Balsora_2017,65,15.6254803592558,105.191701032154
Balsora_2017,66,15.660048696793,125.734917351295
Balsora_2017,67,15.1278625933475,110.196291351622
Balsora_2017,68,15.4405418157329,99.8408033866317
Balsora_2017,69,14.6057923537509,133.547399689059
Balsora_2017,70,12.8911801970657,130.298145553206
Balsora_2017,71,14.7702674239906,116.091501597207
Balsora_2017,72,13.6196398512168,113.143955787522
Balsora_2017,73,15.7867004234538,122.124028575017
Balsora_2017,74,15.3539012808087,141.493179621215
Balsora_2017,75,13.0380858366897,135.029506886277
Balsora_2017,76,14.4076803629441,134.499004405516
Balsora_2017,77,15.5036854949198,131.190840711728
Balsora_2017,78,13.7444676567075,137.162067850941
Balsora_2017,79,14.2960079641001,118.96139105276
Balsora_2017,80,14.7811063231952,95.6954620659536
Balsora_2017,81,11.394001258036,97.0536525569461
Balsora_2017,82,12.6081765315952,101.107241428245
Balsora_2017,83,14.3713706043017,106.671838444741
Balsora_2017,84,13.5184428029031,93.4864911739996
Balsora_2017,85,16.0243608439641,83.1387382287774
Balsora_2017,86,15.0118437359862,130.003047026887
Balsora_2017,87,13.8741583752145,62.8733444777199
Balsora_2017,88,14.7629458507926,100.255429684949
Balsora_2017,90,13.3244807494253,149.544268638742
Balsora_2017,91,13.0564048958677,132.936953304886
Balsora_2017,92,15.5261217723785,125.04354377468
Balsora_2017,93,14.8564038411841,118.387675628828
Balsora_2017,94,15.1154124999171,97.0957709916909
Balsora_2017,95,15.6179078358354,102.974936709732
Balsora_2017,96,14.2607109159034,106.412922325354
Balsora_2017,97,11.4083915351,100.566061505829
Balsora_2017,98,14.7214476068619,111.548264735575
Balsora_2017,99,16.3411017374165,124.077538874747
Balsora_2017,100,15.1765908931573,120.514045640345
Balsora_2017,101,13.9381354774725,72.8931858442746
Balsora_2017,102,14.3080268294541,111.643988247112
Balsora_2017,105,7.38782996038036,156.424695158819
Balsora_2017,106,7.13915128946597,154.844407017057
Balsora_2017,107,13.5816448784435,90.8159683623466
Balsora_2017,108,10.4339703168589,163.969778005356
Balsora_2017,109,13.516509412275,140.895840574352
Balsora_2017,110,7.10957602421239,158.423415901585
Balsora_2017,111,7.3237533562542,155.261871340849
Balsora_2017,112,14.6724230554719,116.173912893352
Balsora_2017,113,15.496889303135,145.293246953637
Balsora_2017,114,11.9919526380049,88.2811473552058
Balsora_2017,115,15.1080658703844,135.181018940437
Balsora_2017,116,14.1601346665957,128.450870475156
Balsora_2017,117,6.89516667651612,142.224515183024
Balsora_2017,118,15.6913469785659,144.861581713639
Balsora_2017,119,12.9062382742632,102.610684441301
Balsora_2017,120,14.4021039979935,117.735962099507
Balsora_2017,122,12.1063788997423,145.566770365081
Balsora_2017,123,10.5442371554339,157.21501207051
Balsora_2017,124,11.8474488075648,131.592354461067
Balsora_2017,125,10.620790455698,124.135484862731
Balsora_2017,126,12.2006612507389,91.6702655646967
Balsora_2017,127,13.4426870069018,125.508997746036
Balsora_2017,128,12.5776771338071,115.451370842531
Balsora_2017,129,13.3695822111455,146.003682506802
Balsora_2017,136,14.464267625668,82.2110291200828
Balsora_2017,137,16.4124161344648,125.933331614429
Balsora_2017,143,14.8801278179545,139.307360785894
Balsora_2017,144,13.7896252434494,64.6611304772704
Balsora_2017,145,15.0645748417782,144.591211419824
Balsora_2017,146,15.3244782056148,108.426205188966
Balsora_2017,147,11.8564798295157,99.3684927331932
Balsora_2017,148,14.6679183238358,103.831013545795
Balsora_2017,149,14.3396793373272,85.9242021126533
Balsora_2017,150,15.2704960853066,119.59134831829
Balsora_2017,151,15.7556256911638,113.446834560169
Balsora_2017,152,14.3127291787926,120.634706551979
Balsora_2017,153,13.7497820462539,134.749148821397
Balsora_2017,154,15.3338227988521,140.844513110914
Balsora_2017,155,11.448851720312,125.014354240374
Balsora_2017,157,15.4693459130478,153.207255276661
Balsora_2017,158,12.7493371661745,85.3680729597311
Balsora_2017,159,13.1069334799817,69.3672215396609
Balsora_2017,164,11.69872192882,127.411691543037
Balsora_2017,165,12.3671758415563,145.177186907818
Balsora_2017,168,16.7982255813617,132.908373687466
Balsora_2017,169,15.9331902504896,141.350799589701
Balsora_2017,170,15.7162482179333,115.5004851308
Balsora_2017,171,13.5396807275527,127.656359600697
Balsora_2017,172,15.9516827541484,139.821983858166
Balsora_2017,173,15.8664003554547,140.190857267424
Balsora_2017,174,14.6485246912046,71.8443118982719
Balsora_2017,175,14.7431922951539,121.327728165278
Balsora_2017,176,14.6668381584253,135.876470434904
Balsora_2017,178,15.7822798859298,109.864652588253
Balsora_2017,179,15.3584120917638,161.857160183908
Balsora_2017,180,15.1834255047053,109.558400132297
Balsora_2017,181,16.7060318164349,134.540572188369
Balsora_2017,182,14.9387510625323,139.599591435294
Balsora_2017,183,13.4761125442876,103.81406188746
Balsora_2017,185,14.0345110679999,140.824202288942
Balsora_2017,186,14.2085394713201,123.413601523939
Balsora_2017,187,11.5755173582267,144.745049052252
Balsora_2017,189,14.1674572254167,85.7665798933663
Balsora_2017,190,14.7072532087359,121.581616878287
Balsora_2017,191,14.8854291879011,112.098811164519
Balsora_2017,192,15.0848209969891,150.645376284502
Balsora_2017,193,14.6886906262404,135.01349033344
Balsora_2017,194,13.4434586938838,141.223098236442
Balsora_2017,195,15.5976706565512,151.025836627824
Balsora_2017,196,13.9049475500677,125.879229014516
Balsora_2017,197,14.0751071767975,159.018530355974
Balsora_2017,198,13.4093759868912,128.209919219795
Balsora_2017,199,14.8682303970647,127.184987959424
Balsora_2017,200,15.0226342444396,121.309827145979
Balsora_2017,201,14.1098047997445,125.491301131956
Balsora_2017,202,15.1879128615654,70.901367561515
Balsora_2017,203,13.3221205764412,102.7322182076
Balsora_2017,204,13.5549287270101,116.398309735957
Balsora_2017,205,11.4187915623164,82.402574242095
Balsora_2017,206,14.651314961788,114.902387268473
Balsora_2017,207,15.5313409869393,115.88415169974
Balsora_2017,209,14.1264835901014,81.7692317498206
Balsora_2017,210,13.4135633178369,140.518546672877
Balsora_2017,211,12.8494679050483,125.398058456995
Balsora_2017,212,15.0202411444869,121.346625733504
Balsora_2017,214,15.4948425026576,144.049122358947
Balsora_2017,215,10.9290775698444,112.797946505457
Balsora_2017,216,13.8730475185091,132.769692931789
Balsora_2017,217,14.116798207668,130.919389563698
Balsora_2017,218,16.2657060718622,145.781245582211
Balsora_2017,219,13.9023424789455,135.991262384883
Balsora_2017,220,14.7068833391248,160.263046687736
Porvenir_2020,4,14.0818062722183,161.341217211468
Porvenir_2020,5,13.5833866768436,146.481710107592
Porvenir_2020,8,14.7838864075552,157.446103608632
Porvenir_2020,9,13.4758742848629,148.952701301749
Porvenir_2020,10,13.6500823037569,178.230106601494
Porvenir_2020,11,14.6915854391193,160.913303379043
Porvenir_2020,12,14.5315612901254,152.26312927583
Porvenir_2020,13,14.9697613351567,171.865027847804
Porvenir_2020,14,14.3969014893952,169.052960581893
Porvenir_2020,15,14.6921691131496,166.557927449999
Porvenir_2020,16,14.5207868834015,155.975021672606
Porvenir_2020,17,14.4985428096403,155.332553359227
Porvenir_2020,18,13.8259959734703,164.550872051084
Porvenir_2020,19,12.9326588207236,197.326587056387
Porvenir_2020,20,14.1285238475587,164.130010057154
Porvenir_2020,21,14.5753805717062,146.943221702095
Porvenir_2020,22,14.8706233931768,152.058490702001
Porvenir_2020,23,15.005076692672,158.390001803447
Porvenir_2020,24,14.168473055044,174.603595722692
Porvenir_2020,25,14.6801576175728,156.842361689678
Porvenir_2020,26,14.3720040751195,154.014749185838
Porvenir_2020,27,14.0073935306824,152.756753792011
Porvenir_2020,28,15.5399546807032,189.765976925716
Porvenir_2020,29,14.0225881919645,163.373126430151
Porvenir_2020,31,14.74334046765,155.543719051556
Porvenir_2020,32,14.8686217009208,181.350737780983
Porvenir_2020,33,13.1912049765046,162.107349782731
Porvenir_2020,34,14.9835968807503,151.169901096015
Porvenir_2020,35,14.3828644291819,164.409959922396
Porvenir_2020,36,14.1766641151197,173.746555707661
Porvenir_2020,37,14.1701008426959,161.643040418612
Porvenir_2020,38,15.407264964337,186.206285542889
Porvenir_2020,39,15.3505951923802,143.182397131298
Porvenir_2020,40,13.2918229671394,208.328975122192
Porvenir_2020,41,14.4970314214819,165.049612450399
Porvenir_2020,42,14.4877875380916,165.427630435639
Porvenir_2020,43,14.2391517927953,154.911206478023
Porvenir_2020,44,12.4715946752565,165.669925644119
Porvenir_2020,45,13.3000478810859,164.587895504878
Porvenir_2020,46,14.1136509614359,170.650719510823
Porvenir_2020,47,13.6201181690342,167.847614473981
Porvenir_2020,48,13.8774714715845,163.815719314329
Porvenir_2020,49,14.9083736317361,165.862752104941
Porvenir_2020,50,12.7345479910996,157.452275922512
Porvenir_2020,51,15.4674155890011,155.38777803528
Porvenir_2020,52,14.375655206043,173.720907221282
Porvenir_2020,53,14.7463669415303,160.723515455272
Porvenir_2020,54,14.1799008383238,170.094589360744
Porvenir_2020,55,14.5545701272787,173.001858856506
Porvenir_2020,56,14.5855730587775,157.684798506044
Porvenir_2020,57,13.8447553976378,161.846098427371
Porvenir_2020,58,14.6592319675701,175.426485373336
Porvenir_2020,59,14.2608876900448,158.366338792446
Porvenir_2020,60,12.2980013032641,153.237819396087
Porvenir_2020,61,14.5571817433296,149.524858679459
Porvenir_2020,62,15.684364505780101,168.19548963006
Porvenir_2020,63,14.9308050572997,167.845745935079
Porvenir_2020,65,14.2619736385952,143.154309999845
Porvenir_2020,66,14.4354749196036,156.171544139621
Porvenir_2020,67,14.3724954701799,154.333998168028
Porvenir_2020,68,14.8721034143034,176.438484118082
Porvenir_2020,69,15.3540147399554,172.930596271501
Porvenir_2020,70,14.4805192684648,158.278895741108
Porvenir_2020,71,13.3727013916027,162.144031657556
Porvenir_2020,72,14.4141086229363,157.981669427319
Porvenir_2020,73,12.5895686903733,198.855616052698
Porvenir_2020,74,14.5746303032433,168.745537575605
Porvenir_2020,75,14.1359426091606,166.312585944084
Porvenir_2020,76,15.1458599420876,155.752714364346
Porvenir_2020,77,14.8110143300916,170.645285172137
Porvenir_2020,78,14.4098755696081,148.844303735315
Porvenir_2020,79,13.6907380722789,162.672118054552
Porvenir_2020,80,15.0714456574808,146.445911671699
Porvenir_2020,81,12.83183500055,153.402260952939
Porvenir_2020,82,13.9639582504529,150.853041359901
Porvenir_2020,83,13.7375000604246,147.385752017121
Porvenir_2020,84,13.8435200022965,170.435386775453
Porvenir_2020,85,14.3070457747885,157.435696462932
Porvenir_2020,86,14.6378261866454,157.892915359591
Porvenir_2020,87,15.0876185335717,160.588897467199
Porvenir_2020,88,15.2009670712568,164.372378135608
Porvenir_2020,90,12.7796328467597,167.200944282443
Porvenir_2020,91,13.8424375728436,176.235971124239
Porvenir_2020,92,15.2075541137461,159.554973148212
Porvenir_2020,93,13.8016278199079,155.599880870518
Porvenir_2020,94,14.9470235125564,157.218579945368
Porvenir_2020,95,15.0652244923625,146.013960296714
Porvenir_2020,96,14.1847582058783,157.736810712942
Porvenir_2020,97,14.4400466699129,152.468677531181
Porvenir_2020,98,13.6966689026985,163.373126430151
Porvenir_2020,99,14.9170370471411,147.82423551879
Porvenir_2020,100,13.6770185747153,157.826413519545
Porvenir_2020,101,14.0064589953468,136.542311543537
Porvenir_2020,102,14.8217780315583,146.285629352133
Porvenir_2020,105,12.9058865330272,188.891985034523
Porvenir_2020,106,12.2249152097478,193.594153785492
Porvenir_2020,107,14.0296684128989,159.091920570603
Porvenir_2020,108,12.1737020983173,163.359553472989
Porvenir_2020,109,14.0414303581394,182.347877560919
Porvenir_2020,110,11.0826971781647,160.126048469055
Porvenir_2020,111,10.713456523615699,208.887469762253
Porvenir_2020,112,14.7090809912671,158.07493807143
Porvenir_2020,113,13.7049460047878,167.227699086433
Porvenir_2020,114,14.6558947107754,177.945750760532
Porvenir_2020,115,13.3735851895061,167.183319245119
Porvenir_2020,116,14.385650969142601,160.388547910046
Porvenir_2020,117,10.6714142046908,160.183674922598
Porvenir_2020,118,14.0321313896987,175.885915899529
Porvenir_2020,119,13.0375163623519,176.827198560653
Porvenir_2020,120,15.3331377908415,164.83224015343
Porvenir_2020,122,12.7329903661844,180.683257353639
Porvenir_2020,123,12.886617836969,184.42595261658
Porvenir_2020,124,14.1030708705169,131.53618261987
Porvenir_2020,125,13.1384409872688,162.941949226449
Porvenir_2020,126,13.8132700360924,198.267623581892
Porvenir_2020,127,14.5506850601927,179.913617592549
Porvenir_2020,128,14.2153631491291,177.833306791788
Porvenir_2020,129,13.7732033123009,152.866729531337
Porvenir_2020,136,15.0865985056815,140.985693854084
Porvenir_2020,137,15.2400146672671,150.689060251131
Porvenir_2020,143,14.8072660270111,171.979365962786
Porvenir_2020,144,13.7888698999365,149.340927649271
Porvenir_2020,145,15.0282615563769,159.766409095173
Porvenir_2020,146,14.5489495597721,184.692103644534
Porvenir_2020,147,12.1271118902043,159.678673914825
Porvenir_2020,148,13.8330816546215,163.028474151147
Porvenir_2020,149,12.9706423860092,173.041368472879
Porvenir_2020,150,14.7431903613834,169.364289459033
Porvenir_2020,151,14.8513859415633,156.858544754294
Porvenir_2020,152,14.7594650064261,166.629029276799
Porvenir_2020,153,13.7090474932555,169.270473336334
Porvenir_2020,154,14.3499993051499,158.956543730305
Porvenir_2020,155,13.659169992826,154.838248981603
Porvenir_2020,157,13.7602852618209,167.848311789867
Porvenir_2020,158,14.6624731674822,158.230048922719
Porvenir_2020,159,13.1596779373489,154.480998110324
Porvenir_2020,164,14.7614701163523,141.93196772566
Porvenir_2020,165,14.1453380195689,167.141105647063
Porvenir_2020,168,14.5934474888109,154.866721836933
Porvenir_2020,169,14.2801883774277,175.510584740849
Porvenir_2020,170,15.6734980490949,163.601451942176
Porvenir_2020,171,14.2013892319979,165.069447875784
Porvenir_2020,172,15.1759792539894,169.203773000587
Porvenir_2020,173,14.5305930250013,186.090877908044
Porvenir_2020,174,14.3235960450772,159.445308710442
Porvenir_2020,175,14.6162410667388,172.184189051556
Porvenir_2020,176,14.1654200668046,174.6022020719
Porvenir_2020,178,14.3734069512934,159.225017012006
Porvenir_2020,179,14.4808618620155,161.946166114885
Porvenir_2020,180,13.6078980606475,167.576660814657
Porvenir_2020,181,14.2787621412829,160.237738255046
Porvenir_2020,182,15.2086551974657,183.861988919014
Porvenir_2020,183,13.8091520767661,156.209647240794
Porvenir_2020,185,15.0427406259063,165.787700665294
Porvenir_2020,186,14.4787887804492,157.731471410523
Porvenir_2020,187,14.153807475912,172.358686436887
Porvenir_2020,189,12.8433712469916,144.773483929907
Porvenir_2020,190,14.0966201097027,167.523140134782
Porvenir_2020,191,15.6034301737399,159.267261821766
Porvenir_2020,192,14.5295539149064,181.296348161355
Porvenir_2020,193,14.0371897740648,162.654954165325
Porvenir_2020,194,13.2112436300328,149.907501201115
Porvenir_2020,195,14.4669310633326,166.741361137956
Porvenir_2020,196,13.6423416287045,158.994596051385
Porvenir_2020,197,13.2316442377424,147.009371703945
Porvenir_2020,198,13.9359017295686,154.063616491763
Porvenir_2020,199,14.5979118278644,136.212306470841
Porvenir_2020,200,14.6614825194534,158.595138787306
Porvenir_2020,201,14.8993415813357,154.864501124481
Porvenir_2020,202,14.0361405605845,153.504128246686
Porvenir_2020,203,13.7131080954673,155.680250109365
Porvenir_2020,204,14.3682777910025,148.555287136413
Porvenir_2020,205,14.1273137426499,153.897529731919
Porvenir_2020,206,14.6782085966994,157.109791121982
Porvenir_2020,207,14.4743599394821,190.216057696559
Porvenir_2020,209,13.6658576459265,161.610410495691
Porvenir_2020,210,13.2440244070832,152.498059229326
Porvenir_2020,211,14.899754767438,181.454234538325
Porvenir_2020,212,14.9130930211353,178.077188824408
Porvenir_2020,214,15.4786325235034,164.040779659797
Porvenir_2020,215,14.808081077605,180.394618924573
Porvenir_2020,216,14.6513354331809,178.578591483812
Porvenir_2020,217,14.356528736488,159.360140149366
Porvenir_2020,218,14.5075724408212,155.717990387504
Porvenir_2020,219,14.7594808665204,190.732297171392
Porvenir_2020,220,14.5814617458659,156.703492393875
Porvenir_2021,4,13.3142876426658,149.286997071966
Porvenir_2021,5,12.4780146444064,149.771268279776
Porvenir_2021,8,13.388645265114,149.243041781415
Porvenir_2021,9,10.8652351405274,143.06359746961
Porvenir_2021,10,12.3601874329036,136.988022513106
Porvenir_2021,11,13.40105749459,151.711177300871
Porvenir_2021,12,13.3608520879782,132.004363230521
Porvenir_2021,13,13.3610111655299,148.394379491624
Porvenir_2021,14,12.7843087590539,150.642075929878
Porvenir_2021,15,13.9953221803843,159.681770283718
Porvenir_2021,16,12.1693321562987,148.992924543444
Porvenir_2021,17,14.8907245630379,147.515549161733
Porvenir_2021,18,11.40184016219,138.509946913948
Porvenir_2021,19,14.2541422673982,150.487831078553
Porvenir_2021,20,13.6044012816414,147.104886852096
Porvenir_2021,21,9.31730473258751,144.756458996837
Porvenir_2021,22,13.6450832438325,153.253702526343
Porvenir_2021,23,12.7028322625418,152.741689620445
Porvenir_2021,24,12.8283264813662,152.048749039854
Porvenir_2021,25,13.377697434226,145.900403506041
Porvenir_2021,26,12.777701683766,152.274882534413
Porvenir_2021,27,14.4382019134887,144.32458686621
Porvenir_2021,28,13.0268892717262,150.921102513503
Porvenir_2021,29,12.9466738248581,146.531559444709
Porvenir_2021,31,13.5054116004819,143.065041976338
Porvenir_2021,32,13.066492499309,155.384951000771
Porvenir_2021,33,13.1270173958109,143.087010720099
Porvenir_2021,34,13.6495522466949,145.54413941849
Porvenir_2021,35,11.5221669463777,140.46191716378
Porvenir_2021,36,13.7803812825614,148.998425430376
Porvenir_2021,37,13.7190716571448,147.119408414773
Porvenir_2021,38,12.910217480153,147.583189025134
Porvenir_2021,39,13.2474165215517,131.563666126752
Porvenir_2021,40,12.4217693370803,153.710203218377
Porvenir_2021,41,13.6298412156086,142.506497795692
Porvenir_2021,42,13.3722114202329,158.887903843512
Porvenir_2021,43,14.1057602930751,143.801845684619
Porvenir_2021,44,14.3292572029271,141.523331209204
Porvenir_2021,45,12.6634671211484,152.057953235963
Porvenir_2021,46,13.3402546844778,149.924897042734
Porvenir_2021,47,12.9911088297263,144.496360067522
Porvenir_2021,48,13.785803242108,142.78396249067
Porvenir_2021,49,14.9648152959506,147.507618217854
Porvenir_2021,50,13.8028681671631,141.732487210244
Porvenir_2021,51,13.9270766788507,142.545066072635
Porvenir_2021,52,12.382538068235,148.715018740179
Porvenir_2021,53,14.5022594181333,146.191920609845
Porvenir_2021,54,13.7862318215906,145.445885496816
Porvenir_2021,55,11.2396788501877,150.546651992957
Porvenir_2021,56,13.131385508336,138.851491117297
Porvenir_2021,57,13.4429105749601,139.397386592408
Porvenir_2021,58,13.768005916649,145.272371981539
Porvenir_2021,59,13.4847589852091,137.725788640434
Porvenir_2021,60,12.2083976016981,146.83663664355
Porvenir_2021,61,14.043753136331,142.371597859159
Porvenir_2021,62,13.343982892984,153.246079266363
Porvenir_2021,63,13.9621202333422,150.458839166869
Porvenir_2021,65,13.4013260915127,142.381694718584
Porvenir_2021,66,14.3953695770861,136.313120213154
Porvenir_2021,67,12.6018009907035,143.508151502138
Porvenir_2021,68,14.4881882759833,140.49693552603
Porvenir_2021,69,13.9074847905215,146.710041005823
Porvenir_2021,70,13.1334126580513,151.304037535088
Porvenir_2021,71,14.0241145388591,143.745843640223
Porvenir_2021,72,11.892305951678,143.504061282814
Porvenir_2021,73,11.473300707422,151.802898784899
Porvenir_2021,74,13.3041484407612,144.287210405787
Porvenir_2021,75,10.9804290667067,157.217228928605
Porvenir_2021,76,13.5502283809976,154.591014389926
Porvenir_2021,77,13.1581575390168,148.528315438478
Porvenir_2021,78,13.854603181085,145.370610618996
Porvenir_2021,79,14.2752674463359,144.328532692347
Porvenir_2021,80,13.1006726483387,138.308117564791
Porvenir_2021,81,11.8193368816726,140.679780686208
Porvenir_2021,82,13.9854761868905,148.665779740851
Porvenir_2021,83,13.2271572562425,138.04322213519
Porvenir_2021,84,12.6001660607556,152.60914956015
Porvenir_2021,85,12.4193003170692,140.853816212702
Porvenir_2021,86,14.6595441084782,146.646813507761
Porvenir_2021,87,14.0213890295729,136.875081126722
Porvenir_2021,88,13.9385460984463,143.870190905349
Porvenir_2021,90,13.0108733233343,155.46254016734
Porvenir_2021,91,12.5945912706774,161.591851121399
Porvenir_2021,92,13.7067017758629,144.334858807107
Porvenir_2021,93,12.0773457301017,146.048531432483
Porvenir_2021,94,14.1457336361838,141.149237517216
Porvenir_2021,95,14.0731943464201,147.009246837082
Porvenir_2021,96,14.0460802061549,135.508491224721
Porvenir_2021,97,13.4786046147072,147.680110174235
Porvenir_2021,98,13.439463552433,144.686267815895
Porvenir_2021,99,13.7172214568034,141.862007323659
Porvenir_2021,100,13.2602472967104,142.687131254774
Porvenir_2021,101,8.46276540772128,159.614589660706
Porvenir_2021,102,11.7146395441339,139.075429965846
Porvenir_2021,105,8.66958863089257,161.421310870188
Porvenir_2021,106,9.91598111586185,148.430472326818
Porvenir_2021,107,12.5539710585936,144.458214424769
Porvenir_2021,108,12.0229901163184,155.119844746078
Porvenir_2021,109,12.4636881905797,151.660551091719
Porvenir_2021,110,9.8214315499837,149.18685274855
Porvenir_2021,111,9.37384397475214,151.113736074449
Porvenir_2021,112,13.0442765872488,147.665652665029
Porvenir_2021,113,13.7715213501297,147.452821871593
Porvenir_2021,114,11.9328123536211,151.426198499405
Porvenir_2021,115,11.457697761791101,150.487908928923
Porvenir_2021,116,13.7032464788583,138.331738169072
Porvenir_2021,117,9.5797393255395,151.361224301783
Porvenir_2021,118,13.3188526995219,149.219858859777
Porvenir_2021,119,11.9743214224121,150.208910149055
Porvenir_2021,120,13.5432084012175,148.325244602052
Porvenir_2021,122,11.4075495368402,152.400084166679
Porvenir_2021,123,11.3650630438182,158.180696257792
Porvenir_2021,124,12.4975467459586,132.870171405628
Porvenir_2021,125,11.8470407011812,133.643594566228
Porvenir_2021,126,13.2948628439945,143.494043865175
Porvenir_2021,127,13.3520865904198,148.277928364852
Porvenir_2021,128,11.9627973872641,144.101195583723
Porvenir_2021,129,14.1548293925055,145.467147670461
Porvenir_2021,136,14.8887055383596,138.353841667836
Porvenir_2021,137,14.0302053034019,143.898598476744
Porvenir_2021,143,15.0654708003226,155.283235465642
Porvenir_2021,144,13.4167909317362,142.294727105294
Porvenir_2021,145,11.6958790516039,144.502272905873
Porvenir_2021,146,13.7065545730223,142.841705325146
Porvenir_2021,147,12.5122969115757,142.986614015107
Porvenir_2021,148,11.9593987395937,147.326917773058
Porvenir_2021,149,12.4173871498295,151.540283847059
Porvenir_2021,150,13.6799044275069,150.394657773265
Porvenir_2021,151,13.604174142693,145.936494502475
Porvenir_2021,152,14.5017223373895,142.295272764107
Porvenir_2021,153,13.6437369705696,148.126460626841
Porvenir_2021,154,13.2898151480758,136.806102498883
Porvenir_2021,155,11.5572942259856,147.046894498479
Porvenir_2021,157,12.6037393782932,144.428674632746
Porvenir_2021,158,14.5270282146358,141.771393158332
Porvenir_2021,159,12.9269813182677,138.909706975186
Porvenir_2021,164,14.2012737264729,151.811222395297
Porvenir_2021,165,11.934203258619,157.636796019154
Porvenir_2021,168,13.7595543865112,151.16431577332
Porvenir_2021,169,13.9790351416638,149.644975199714
Porvenir_2021,170,12.4668672097554,138.746513445455
Porvenir_2021,171,13.5745891123536,147.772212837792
Porvenir_2021,172,13.7985409274613,149.410452683349
Porvenir_2021,173,13.3020212739688,147.79262038469
Porvenir_2021,174,13.4322812691919,150.256935887251
Porvenir_2021,175,14.1491109550079,148.103936623228
Porvenir_2021,176,14.1023682529062,145.076521839937
Porvenir_2021,178,10.5887611819101,153.144618966964
Porvenir_2021,179,13.6240027804826,148.603078190906
Porvenir_2021,180,13.9401275684233,150.217536403705
Porvenir_2021,181,14.6707585319112,150.542380676637
Porvenir_2021,182,13.3399799922347,148.05140200959
Porvenir_2021,183,14.0934764756159,141.004262051679
Porvenir_2021,185,13.0858299435617,148.247288316101
Porvenir_2021,186,14.4240656993846,141.373364747107
Porvenir_2021,187,11.1845711022663,152.534178224043
Porvenir_2021,189,12.6212579632889,139.111041330259
Porvenir_2021,190,13.2779738275375,141.808273644086
Porvenir_2021,191,13.8628774492221,135.64053418159
Porvenir_2021,192,13.347530563728,147.254654036598
Porvenir_2021,193,13.8464189620814,139.381569019648
Porvenir_2021,194,13.1717546499765,143.559055084007
Porvenir_2021,195,13.9906620574719,152.586948715758
Porvenir_2021,196,12.0428822497602,145.761733751787
Porvenir_2021,197,13.3966731453186,148.408176831983
Porvenir_2021,198,12.5578975576645,141.708053389018
Porvenir_2021,199,13.1312954230477,145.726529996584
Porvenir_2021,200,14.5179924095381,146.865409488276
Porvenir_2021,201,13.5851835337658,136.090769796517
Porvenir_2021,202,13.0472626021192,136.36161264409
Porvenir_2021,203,12.8297699704091,141.324518123247
Porvenir_2021,204,13.3145319679581,139.927309690844
Porvenir_2021,205,13.0757114051757,152.099388913845
Porvenir_2021,206,14.2903110997428,142.764606571411
Porvenir_2021,207,14.5168372952581,145.763534808073
Porvenir_2021,209,13.7272647143316,147.091849643512
Porvenir_2021,210,12.4429060808282,151.703645813351
Porvenir_2021,211,13.1006642248828,160.505547810788
Porvenir_2021,212,13.4321354196864,146.047093202864
Porvenir_2021,214,14.9348720210679,145.095795177309
Porvenir_2021,215,13.7054617748376,149.519498047194
Porvenir_2021,216,13.4527393036523,145.794486491667
Porvenir_2021,217,12.6787491804781,146.364108669933
Porvenir_2021,218,14.2159372853927,144.321465248118
Porvenir_2021,219,13.3025793093758,150.588903357243
Porvenir_2021,220,12.5358017234768,160.156538715188
Taula_2018,4,16.6557369072583,145.515606116237
Taula_2018,5,13.0776253176119,184.493242832594
Taula_2018,8,17.4484182863992,162.36109262382
Taula_2018,9,15.8440700712699,194.323162164188
Taula_2018,10,17.1972546741271,157.163471787046
Taula_2018,11,17.8052862993686,149.900676396354
Taula_2018,12,16.0420454800679,142.639160592308
Taula_2018,13,17.5658208615146,177.276923721747
Taula_2018,14,16.3834134645975,165.771196408314
Taula_2018,15,17.7055411091417,173.20231189809
Taula_2018,16,16.6820413341368,175.426759339969
Taula_2018,17,15.4368942725306,170.878700777072
Taula_2018,18,17.4298110457974,141.239187165124
Taula_2018,19,17.5510077411292,170.2649486038
Taula_2018,20,17.1300903654663,163.143403896551
Taula_2018,21,18.5314357852986,152.053926256686
Taula_2018,22,17.2015495233195,178.090983029337
Taula_2018,23,16.0645862916901,147.38831207512
Taula_2018,24,15.8269732551834,147.413118197948
Taula_2018,25,16.075525639388,150.240006584292
Taula_2018,26,17.3293655448213,174.386074120734
Taula_2018,27,14.701623784366,146.480505167605
Taula_2018,28,17.2173050732951,167.975428410882
Taula_2018,29,16.5170477350959,156.53756955765
Taula_2018,31,16.3493007932064,151.315183912859
Taula_2018,32,16.9551220279175,184.139547184731
Taula_2018,33,16.8153634603722,163.141865769567
Taula_2018,34,18.834539276062,142.282322836744
Taula_2018,35,17.6469695038073,173.804907564564
Taula_2018,36,17.8227192350217,171.266188083952
Taula_2018,37,14.867888330684501,160.418841732088
Taula_2018,38,18.4945571578733,154.165326628895
Taula_2018,39,18.1695190994158,140.024881188847
Taula_2018,40,16.2221960985481,169.309230252172
Taula_2018,41,16.4951804111982,170.075202294796
Taula_2018,42,16.7202374130008,158.389631447185
Taula_2018,43,18.1645804460546,144.722130831161
Taula_2018,44,18.2943344681798,154.776764743492
Taula_2018,45,16.3454365851162,150.74208167865
Taula_2018,46,16.7085046402351,195.457071533966
Taula_2018,47,15.9062416869497,160.118423145468
Taula_2018,48,14.0018394811741,120.218854763498
Taula_2018,49,17.807909371727,159.904557291538
Taula_2018,50,17.8574940609411,146.97517601683
Taula_2018,51,17.2078058955846,175.408797522709
Taula_2018,52,16.9057714269241,190.024776914632
Taula_2018,53,18.807251077336,183.728591121582
Taula_2018,54,18.9323488215849,159.65628183839
Taula_2018,55,17.9277376204076,151.406962923732
Taula_2018,56,18.1980057368296,138.064003443158
Taula_2018,57,18.0057260936218,149.469260031715
Taula_2018,58,17.498875504467,160.445855496019
Taula_2018,59,17.7868263844539,146.581916981123
Taula_2018,60,17.2141730619168,149.935648323613
Taula_2018,61,15.5957639520158,163.457360415495
Taula_2018,62,17.5922825048979,170.441211920426
Taula_2018,63,18.450293199911,165.027782976611
Taula_2018,65,17.4444903478083,148.176213947748
Taula_2018,66,17.3677531201911,151.375337419083
Taula_2018,67,16.914332425922,176.031282242333
Taula_2018,68,17.3804323421799,135.097209208135
Taula_2018,69,18.2453498854924,133.844799396704
Taula_2018,70,17.7059642412979,162.449566080015
Taula_2018,71,17.7009424814391,136.382320807211
Taula_2018,72,17.0177110853743,156.125326040861
Taula_2018,73,18.6920643888476,159.419806609577
Taula_2018,74,12.4627100830615,159.550311724547
Taula_2018,75,16.2725680374486,148.704738432917
Taula_2018,76,16.9353071825834,163.778483303575
Taula_2018,77,15.8832483414218,169.494639578908
Taula_2018,78,17.5583499789224,168.735201807218
Taula_2018,79,16.4009445501918,146.958506288079
Taula_2018,80,18.4111355957701,149.938469290755
Taula_2018,81,14.4330246918852,129.925431989902
Taula_2018,82,17.4564716418053,145.118691089781
Taula_2018,83,14.0299610407058,147.662209243328
Taula_2018,84,16.6592241724915,148.547447032915
Taula_2018,85,16.68318643297,130.867493222263
Taula_2018,86,16.4689782813339,141.922027283875
Taula_2018,87,17.8359594525727,157.524952711758
Taula_2018,88,17.8112344136656,158.035869317484
Taula_2018,90,17.2158856223971,142.386043293676
Taula_2018,91,15.5794339617609,169.26227409197
Taula_2018,92,16.2082969257272,174.613362872918
Taula_2018,93,15.0108920949337,168.462455442281
Taula_2018,94,18.9643188012246,153.391708476493
Taula_2018,95,18.8760144629537,133.575239108385
Taula_2018,96,14.5772940776318,129.33632594146
Taula_2018,97,15.2686810665449,134.043524549357
Taula_2018,98,18.833209868966,135.20473383231
Taula_2018,99,15.9943825010109,143.25389109436
Taula_2018,100,16.5317013819272,130.826824383735
Taula_2018,101,17.1993232230911,148.00977032988
Taula_2018,102,16.7310263978717,139.555571151906
Taula_2018,105,15.0483686587409,157.066687571588
Taula_2018,106,15.6405433874476,156.775098673787
Taula_2018,107,16.590305043926,162.367271243518
Taula_2018,108,14.3812340879602,191.728063567237
Taula_2018,109,15.0005706308231,172.081614287571
Taula_2018,110,14.424682229687,160.553268537384
Taula_2018,111,15.7247037202523,162.501579474003
Taula_2018,112,17.6628632160703,154.243651726927
Taula_2018,113,17.0120327127561,146.625196856746
Taula_2018,114,15.7360505233897,154.677557457793
Taula_2018,115,15.8612213503903,162.260919278029
Taula_2018,116,16.010610617992,167.70686543202
Taula_2018,117,12.2075173687099,179.284731303554
Taula_2018,118,17.0133113014528,157.30850937192
Taula_2018,119,15.1665125918547,176.097509800489
Taula_2018,120,15.7052478213251,132.634119224433
Taula_2018,122,13.6415052587081,158.992317256978
Taula_2018,123,15.0122296362534,170.876206654757
Taula_2018,124,15.5736761695965,162.091666951281
Taula_2018,125,10.6869651238616,148.587621909197
Taula_2018,126,15.4461093781647,151.654467860449
Taula_2018,127,14.9821551118357,152.992243999872
Taula_2018,128,17.7892794430006,154.396198088611
Taula_2018,129,17.5565508322779,154.75085711936
Taula_2018,136,17.2693576162718,143.27895034873
Taula_2018,137,19.6290701976886,155.679920794752
Taula_2018,143,17.653620563795,147.566209286005
Taula_2018,144,17.4626829622451,160.882079426382
Taula_2018,145,16.6486888686189,168.83948865202
Taula_2018,146,17.6524478506989,177.868469910571
Taula_2018,147,14.7244406586128,144.958558271555
Taula_2018,148,16.0479160942793,146.339694485027
Taula_2018,149,16.2382462309796,165.505848335809
Taula_2018,150,18.1129534231483,163.493216339614
Taula_2018,151,17.1373831598663,133.110057496008
Taula_2018,152,18.0853389544847,173.646273045757
Taula_2018,153,16.3190702138689,143.66456297472
Taula_2018,154,17.8084124919842,140.833989067015
Taula_2018,155,15.9174620735118,149.233779427731
Taula_2018,157,16.4587490453224,156.383871061677
Taula_2018,158,18.0375420526111,131.542590869508
Taula_2018,159,17.1088030077931,169.268303435481
Taula_2018,164,17.6337778600972,142.683603400861
Taula_2018,165,16.452624225179,172.220487259374
Taula_2018,168,18.1581115954661,169.94170608137
Taula_2018,169,18.1873343113674,155.35860597223
Taula_2018,170,18.0376821159701,145.990738742717
Taula_2018,171,15.7392148927077,195.246261609204
Taula_2018,172,18.6241168277704,160.742017894732
Taula_2018,173,17.0359455404054,153.381276160134
Taula_2018,174,18.6115147287508,152.164770708705
Taula_2018,175,17.2306582020004,163.225931581765
Taula_2018,176,16.3967889402825,175.458067675506
Taula_2018,178,15.4750288817357,155.746613934387
Taula_2018,179,15.993931462971,165.936738283394
Taula_2018,180,18.4992509743779,136.93783960526
Taula_2018,181,18.2527316541777,165.670949562198
Taula_2018,182,18.1197443216639,153.932090184352
Taula_2018,183,17.200942385954,141.312875072222
Taula_2018,185,17.4367404811422,167.555108122547
Taula_2018,186,16.9626997121158,157.98904013615
Taula_2018,187,16.7402996541233,161.131895147943
Taula_2018,189,15.5428786860233,164.436482152987
Taula_2018,190,18.2241235772149,157.949021368231
Taula_2018,191,15.7157273815831,136.233758334075
Taula_2018,192,15.5353949100781,161.725753728561
Taula_2018,193,17.6606368902992,141.407585821226
Taula_2018,194,16.235212343328,158.26816089086
Taula_2018,195,18.8788227747885,153.15850398907
Taula_2018,196,17.1548101061057,176.59988566065
Taula_2018,197,17.2146601574461,170.121108463742
Taula_2018,198,16.4883612525833,141.062881873794
Taula_2018,199,17.4719602151897,184.750587404969
Taula_2018,200,17.5759248101052,132.916707761535
Taula_2018,201,18.4658644172967,179.658767089324
Taula_2018,202,18.0850491779603,126.985415302615
Taula_2018,203,14.8495426703642,153.18150589556
Taula_2018,204,17.9656837808948,145.15385288413
Taula_2018,205,15.834045670665,157.293112730553
Taula_2018,206,16.2598766251106,151.197704205368
Taula_2018,207,17.954557889948,157.184116599218
Taula_2018,209,15.0378631053006,167.300235128656
Taula_2018,210,15.4964455603751,172.679710547886
Taula_2018,211,16.2709019860448,171.410640953273
Taula_2018,212,15.6833639902436,182.410243829366
Taula_2018,214,18.4071599189491,147.582763087615
Taula_2018,215,15.5567074205184,157.56949481489
Taula_2018,216,18.382631335618,159.532536820019
Taula_2018,217,16.7539517907138,156.222540579543
Taula_2018,218,16.230113156233,129.513634452835
Taula_2018,219,17.0136901525167,146.978683050633
Taula_2018,220,16.8334885188054,172.32708145546
Taula_2019,4,14.054331629317,108.343491990796
Taula_2019,5,13.5135528285861,120.752680385532
Taula_2019,8,15.489249133975,120.844835955287
Taula_2019,9,13.3910395282004,114.16947907486
Taula_2019,10,13.9915737683758,113.153341916251
Taula_2019,11,16.6776948422154,107.049600255579
Taula_2019,12,14.1385079118529,98.3907366977071
Taula_2019,13,14.9266895021661,111.676989118725
Taula_2019,14,14.5641124415373,97.4416096165422
Taula_2019,15,14.6456008307762,118.690987232478
Taula_2019,16,15.2615065232673,117.803522839914
Taula_2019,17,15.8727003582244,136.288214762149
Taula_2019,18,14.1814730519157,80.9641606389886
Taula_2019,19,14.3485937473973,120.604433892323
Taula_2019,20,14.4813775214346,111.874574840842
Taula_2019,21,14.7669338362861,93.047108647012
Taula_2019,22,15.3473948317973,119.6892101852
Taula_2019,23,14.1855611974342,101.383212178528
Taula_2019,24,14.1799105999048,100.525771522165
Taula_2019,25,14.595278302067,105.741460072283
Taula_2019,26,14.0779124779366,109.510561736442
Taula_2019,27,14.9278886002054,96.8800874470202
Taula_2019,28,14.7900714459679,126.674771678745
Taula_2019,29,14.2145257627291,108.516899504702
Taula_2019,31,15.9649512288873,98.9768751799905
Taula_2019,32,14.2101365396193,119.743602361516
Taula_2019,33,14.7641505260788,98.9057540219872
Taula_2019,34,15.8531825987342,100.267891959087
Taula_2019,35,15.3145152347249,94.9816149151372
Taula_2019,36,14.2943654718956,111.34758167859
Taula_2019,37,13.318925682139,100.093735774908
Taula_2019,38,15.0560450120687,100.883098930484
Taula_2019,39,15.7122115720768,96.2214571471948
Taula_2019,40,14.4677458544154,126.579364480901
Taula_2019,41,14.3141586191175,113.116346287938
Taula_2019,42,13.7672303948038,128.265598350473
Taula_2019,43,15.375195452901,106.543794892764
Taula_2019,44,15.1337198703531,102.751407089655
Taula_2019,45,13.5400751452092,105.146566261383
Taula_2019,46,14.4368997120724,135.606774450339
Taula_2019,47,13.8383433779464,107.522899708018
Taula_2019,48,14.2985496694175,89.0966252439428
Taula_2019,49,15.5463756323893,109.551451988451
Taula_2019,50,15.2370619776136,86.0640819988146
Taula_2019,51,15.0513009083078,113.678377108812
Taula_2019,52,14.4927774904622,121.757000130195
Taula_2019,53,14.5903381632157,103.675813948338
Taula_2019,54,15.072122339421,97.0140769615918
Taula_2019,55,14.4411225138944,120.308253332043
Taula_2019,56,13.9301352263388,107.748407056479
Taula_2019,57,14.3980741835249,81.8475315327778
Taula_2019,58,15.1843983175379,98.3584368604175
Taula_2019,59,14.8769515349098,82.5177662025071
Taula_2019,60,16.7231266856696,105.029713511416
Taula_2019,61,15.607877937816,96.6315026259546
Taula_2019,62,15.7119228051219,116.881142366062
Taula_2019,63,14.6220653181455,81.5364146906037
Taula_2019,65,14.488187924843,99.5271203359024
Taula_2019,66,14.5582790713062,96.6758237249137
Taula_2019,67,13.8407110386234,118.872913658434
Taula_2019,68,15.3624757760703,99.3265873757703
Taula_2019,69,15.5870965267364,85.2827382837092
Taula_2019,70,14.8995132191794,117.552896831938
Taula_2019,71,15.4749665378341,94.9274082224677
Taula_2019,72,15.9177486323826,104.420985322119
Taula_2019,73,15.5284189826029,105.521632150255
Taula_2019,74,15.0671959586522,118.199504090851
Taula_2019,75,14.149055806683,98.6656609359843
Taula_2019,76,15.6660071316764,118.612761324121
Taula_2019,77,13.725878535252,109.157870163438
Taula_2019,78,14.8507162186677,112.374490696916
Taula_2019,79,15.1597728009057,100.259946333885
Taula_2019,80,14.3399849995361,99.7677631029289
Taula_2019,81,12.7189263372666,94.8156771835669
Taula_2019,82,14.4663389479876,87.4268942583252
Taula_2019,83,13.5794297522937,108.961476568916
Taula_2019,84,13.5737317746123,100.822800452176
Taula_2019,85,14.9919865612527,96.9538369315752
Taula_2019,86,14.7372023409736,102.214848925715
Taula_2019,87,15.5628146986105,96.0290318228369
Taula_2019,88,16.4107788569255,110.34584981758
Taula_2019,90,14.5012864791305,95.4225354255957
Taula_2019,91,13.9561499407387,127.940722461392
Taula_2019,92,15.73378058701,119.214048895331
Taula_2019,93,14.5857935266045,112.185318119396
Taula_2019,94,15.6980881002626,102.223249410372
Taula_2019,95,15.8529644559642,89.2288926495047
Taula_2019,96,14.4604930033475,76.7735855309649
Taula_2019,97,13.9475645925724,84.0129679455651
Taula_2019,98,14.6116214637074,95.4799248832128
Taula_2019,99,15.4637653738904,107.297311107453
Taula_2019,100,13.3406733811469,89.8710537948209
Taula_2019,101,14.4470960819099,90.5010419596962
Taula_2019,102,16.2380206949221,102.205760672817
Taula_2019,105,9.07499667011456,104.776329301803
Taula_2019,106,10.5686730093097,122.90214686846
Taula_2019,107,15.131119043868,93.2133687060852
Taula_2019,108,12.184312860095,152.669728066994
Taula_2019,109,14.1885283432144,130.290339204943
Taula_2019,110,9.74729883775416,136.684929993791
Taula_2019,111,9.2582072703401,119.318536554785
Taula_2019,112,15.916219483098,108.214567120554
Taula_2019,113,14.5005057845182,103.765201210124
Taula_2019,114,13.2454832604267,109.019866735133
Taula_2019,115,13.1087983722753,127.374137848002
Taula_2019,116,14.1543304589035,100.647477305442
Taula_2019,117,8.74153716596351,129.054819894856
Taula_2019,118,14.8709122143302,120.095209720402
Taula_2019,119,13.7933957049305,105.878711903762
Taula_2019,120,14.7409549009604,100.176626502771
Taula_2019,122,13.0208852798333,122.976797950436
Taula_2019,123,11.8543018304367,139.208811407498
Taula_2019,124,12.0146406977993,115.864365428379
Taula_2019,125,14.0871349234924,112.002505746988
Taula_2019,126,12.7978552717607,104.23242077369
Taula_2019,127,13.48912369707,111.995252270787
Taula_2019,128,15.5759708534904,114.41386925666
Taula_2019,129,14.1697660177811,103.602804793771
Taula_2019,136,15.5425593215352,102.716414256156
Taula_2019,137,15.1051732558119,104.935985222578
Taula_2019,143,14.8589428556032,103.740914600277
Taula_2019,144,14.6163840505544,85.9868091904677
Taula_2019,145,14.6174107303744,111.208039281513
Taula_2019,146,14.0133263795854,110.986731198516
Taula_2019,147,12.6051553010644,100.212374584676
Taula_2019,148,14.250059870076,97.7010580754098
Taula_2019,149,12.5009304767937,112.153526585629
Taula_2019,150,15.6352326515245,100.850737301146
Taula_2019,151,15.3934762410367,85.8462194282863
Taula_2019,152,15.5099238826542,111.851747536216
Taula_2019,153,14.5184132886157,111.846189523628
Taula_2019,154,14.3783604981568,106.762341549366
Taula_2019,155,12.0047197836384,118.111163115736
Taula_2019,157,15.0321274051196,106.3943244992
Taula_2019,158,15.5862387375521,95.937868431344
Taula_2019,159,14.8523419350165,89.3339696167932
Taula_2019,164,15.5159179615385,98.0313448379062
Taula_2019,165,13.5289616939921,121.9280445003
Taula_2019,168,14.309524883742201,113.479468171458
Taula_2019,169,14.3717582770404,103.343533116708
Taula_2019,170,14.2514548344876,109.303764472218
Taula_2019,171,14.0560115148466,99.7758495707115
Taula_2019,172,15.1185528617079,120.464956776288
Taula_2019,173,14.4001872654848,115.023577685233
Taula_2019,174,14.2847221554909,116.065502239254
Taula_2019,175,15.4911912502183,114.685272088795
Taula_2019,176,13.78371244441,112.115073826027
Taula_2019,178,14.2305032890679,99.5727203223782
Taula_2019,179,14.120008865405,122.767301325627
Taula_2019,180,15.5953738220293,105.127746570276
Taula_2019,181,15.3385706262971,113.391269611935
Taula_2019,182,15.5558425084822,130.404598004192
Taula_2019,183,14.273851428601,96.2331217155291
Taula_2019,185,14.1789994291158,125.897972846195
Taula_2019,186,15.0722944272053,111.126781800114
Taula_2019,187,13.7714477717253,121.966975854919
Taula_2019,189,14.3257514274921,100.533499623864
Taula_2019,190,14.3721770099664,113.425570104893
Taula_2019,191,14.0907870278036,87.9770767663436
Taula_2019,192,13.7729873226286,120.987415843237
Taula_2019,193,13.9897084710475,85.3315624897967
Taula_2019,194,15.2493614418443,119.332478569837
Taula_2019,195,15.4541824754831,114.91053243421
Taula_2019,196,14.2423547155225,128.007003035718
Taula_2019,197,14.1911243504065,109.707280258854
Taula_2019,198,13.5148082359495,109.303535670687
Taula_2019,199,15.9275092998244,102.396835192173
Taula_2019,200,14.1683708591131,109.528917591931
Taula_2019,201,16.2494775515176,102.954646900833
Taula_2019,202,16.2506117723675,106.957273376653
Taula_2019,203,13.9730742637927,101.159049355741
Taula_2019,204,15.2708949253357,91.1252827342246
Taula_2019,205,14.0083734072564,94.0434735511251
Taula_2019,206,15.1411751787965,93.8429748385089
Taula_2019,207,15.4358018598285,113.653063886216
Taula_2019,209,14.1885321213404,107.81720695499
Taula_2019,210,13.9194979791224,111.825052212062
Taula_2019,211,13.6250406322896,121.502863808469
Taula_2019,212,14.7164253769482,107.13925950451
Taula_2019,214,16.0175183694692,112.86774431766
Taula_2019,215,14.3355688934278,129.838831444762
Taula_2019,216,15.4826525893174,117.413849650159
Taula_2019,217,14.9157401535923,101.626423834625
Taula_2019,218,14.9892686426516,122.33934484796
Taula_2019,219,14.5990677268828,128.485695662714
Taula_2019,220,13.8369338010635,113.487712990814
